order_id,order_date,customer_segment,priority,product_category,order_value_inr,origin,destination,special_handling,carrier,promised_delivery_days,actual_delivery_days,delivery_status,quality_issue,customer_rating,delivery_cost_inr,route,distance_km,fuel_consumption_l,toll_charges_inr,traffic_delay_minutes,weather_impact,fuel_cost,labor_cost,vehicle_maintenance,insurance,packaging_cost,technology_platform_fee,other_overhead,total_cost_inr,delivery_delay_days,vehicle_id,vehicle_type,capacity_kg,fuel_efficiency_km_per_l,current_location,status,age_years,co2_emissions_kg_per_km,total_emissions_kg,normalized_efficiency_score,estimated_load_kg,load_utilization_ratio,utilization_status,assigned_vehicle_id,est_fuel_cost,est_co2_cost,util_penalty,veh_vehicle_id,veh_vehicle_type,veh_capacity_kg,veh_fuel_efficiency_km_per_l,veh_current_location,veh_status,veh_age_years,veh_co2_emissions_kg_per_km,assigned_util_pct
ORD000001,2025-10-09,Individual,Express,Industrial,238.73,Kolkata,Hyderabad,,SpeedyLogistics,1.0,2.0,Slightly-Delayed,Perfect,3.0,387.86,Kolkata-Hyderabad,152.59,23.02,122.08,21.0,,151.36,110.31,53.0,32.17,37.46,43.77,30.38,458.45,1.0,VEH0010,Refrigerated,2319.65,6.62858384013901,Bangalore,Available,2.816258180055057,0.342,52.18578000000001,0.7972749648225372,139.18278306022466,10.0,Underloaded üö´,VEH0031,2287.706146926537,1.2359790000000002,23.95118185184346,VEH0031,Large_Truck,6635.22,6.67,Kolkata,Maintenance,3.755157295315691,0.405,2.0976362963130786
ORD000002,2025-09-29,SMB,Express,Industrial,17.01,Hyderabad,Kolkata,,SpeedyLogistics,2.0,3.0,Slightly-Delayed,Minor_Damage,1.0,430.19,Hyderabad-Kolkata,362.05,43.98,289.64,33.0,,157.32,146.2,51.61,28.54,21.74,48.64,38.74,492.79,1.0,VEH0026,Large_Truck,6564.54,8.232150977717145,Chennai,Available,1.8056125648357195,0.561,203.11005000000003,0.990149334980066,70.44021397657632,10.0,Underloaded üö´,VEH0010,4582.911392405063,2.4764220000000003,23.481662880680787,VEH0010,Refrigerated,2319.65,7.9,Bangalore,Available,2.816258180055057,0.342,3.0366742386384287
ORD000003,2025-09-15,SMB,Economy,Industrial,3024.95,Mumbai,Pune,,SpeedyLogistics,10.0,15.0,Severely-Delayed,Minor_Damage,3.0,1039.19,Mumbai-Pune,519.74,65.75,415.79,2.0,,322.61,319.74,128.03,58.13,102.91,92.06,55.45,1078.93,5.0,VEH0019,Large_Truck,9951.81,7.904790874524715,Pune,Available,7.852765557066388,0.543,282.21882000000005,0.9507750099279183,996.4257707620137,10.012507983593073,Underloaded üö´,VEH0008,8451.056910569105,4.5633172,5.850265968358524,VEH0008,Refrigerated,2601.67,6.15,Bangalore,In_Transit,1.4328712343099324,0.439,38.29946806328295
ORD000004,2025-10-13,Individual,Economy,Fashion,56.74,Hyderabad,Ahmedabad,,QuickShip,5.0,5.0,On-Time,Perfect,5.0,599.01,Hyderabad-Ahmedabad,540.87,61.85,432.7,112.0,,215.33,194.01,60.87,49.68,45.89,50.4,35.12,651.3,0.0,VEH0001,Refrigerated,1531.01,8.744866612772837,Hyderabad,Available,7.64166339273196,0.465,251.50455000000002,1.0518179130295244,124.52609712816052,10.0,Underloaded üö´,VEH0029,7088.728702490171,3.8293595999999996,23.392186798705747,VEH0029,Medium_Truck,3872.53,7.63,Bangalore,Maintenance,3.4927648823182604,0.354,3.215626402588502
ORD000005,2025-09-08,SMB,Standard,Fashion,19148.65,Chennai,Mumbai,,SpeedyLogistics,4.0,5.0,Slightly-Delayed,Perfect,3.0,537.9,Chennai-Mumbai,1251.56,147.54,1001.25,10.0,,191.92,150.42,79.03,48.92,53.35,48.62,52.98,625.24,1.0,VEH0026,Large_Truck,6564.54,8.482852107902941,Chennai,Available,1.8056125648357195,0.561,702.12516,1.020303247123336,5852.489932505534,89.15308509820237,Optimal ‚úÖ,VEH0018,21212.8813559322,11.464289599999999,0.0,VEH0018,Large_Truck,8357.4,5.9,Hyderabad,In_Transit,6.389516086370113,0.458,70.02763936757286
ORD000006,2025-09-21,Individual,Express,Food & Beverage,158.22,Chennai,Dubai,,GlobalTransit,1.0,2.0,Slightly-Delayed,Perfect,4.0,378.99,Chennai-Dubai,3041.83,365.82,0.0,0.0,,130.04,107.92,38.85,19.95,32.06,37.26,23.24,389.32,1.0,VEH0049,Medium_Truck,3807.12,8.315100322563008,Kolkata,Available,1.953973009526695,0.433,1317.11239,1.000126343280628,244.8747608610164,10.0,Underloaded üö´,VEH0005,32428.89125799573,17.520940799999998,11.76695987738228,VEH0005,Small_Van,925.24,9.38,Delhi,In_Transit,1.9643045221736903,0.288,26.46608024523544
ORD000007,2025-10-09,Individual,Standard,Electronics,736.82,Pune,Bangalore,,QuickShip,3.0,3.0,On-Time,Perfect,4.0,439.72,Pune-Bangalore,854.87,103.85,683.9,10.0,,158.91,121.05,56.67,29.88,40.09,49.61,32.48,488.69000000000005,0.0,VEH0007,Large_Truck,7176.62,8.231776600866635,Mumbai,Available,1.7227650269869326,0.478,408.62786,0.9901043055593753,345.3737563101479,10.0,Underloaded üö´,VEH0050,11383.089214380825,6.1379665999999995,18.134841709499685,VEH0050,Refrigerated,2515.41,7.51,Pune,Available,3.6088704861259417,0.359,13.73031658100063
ORD000008,2025-09-19,Enterprise,Standard,Industrial,4771.54,Chennai,Kolkata,,GlobalTransit,5.0,10.0,Severely-Delayed,Perfect,2.0,836.35,Chennai-Kolkata,1430.06,173.95,1144.05,81.0,,280.25,239.41,117.33,55.54,50.56,69.74,61.33,874.16,5.0,VEH0011,Medium_Truck,2236.98,8.221098016671457,Hyderabad,Available,3.474152614924724,0.304,434.73823999999996,0.9888199033335167,1568.3136945830581,70.10852553813884,Optimal ‚úÖ,,,,,,,,,,,,,
ORD000009,2025-09-23,SMB,Express,Books,3711.35,Delhi,Hong Kong,,SpeedyLogistics,2.0,2.0,On-Time,Perfect,5.0,414.8,Delhi-Hong Kong,3708.13,446.18,0.0,0.0,,144.44,138.58,46.07,28.64,37.51,46.85,28.72,470.80999999999995,0.0,VEH0021,Large_Truck,5949.08,8.310838674974226,Mumbai,Available,3.4820928391465293,0.47,1742.8211,0.9996137594447175,1339.422012281301,22.51477560028275,Underloaded üö´,VEH0050,49375.898801597876,26.6243734,0.0,VEH0050,Refrigerated,2515.41,7.51,Pune,Available,3.6088704861259417,0.359,53.24865577704235
ORD000010,2025-09-11,SMB,Standard,Electronics,7936.32,Hyderabad,Mumbai,Hazmat,GlobalTransit,4.0,9.0,Severely-Delayed,Minor_Damage,3.0,891.65,Hyderabad-Mumbai,771.73,88.0,617.39,16.0,Light_Rain,308.43,249.95,130.74,49.87,86.21,95.72,68.28,989.2,5.0,VEH0001,Refrigerated,1531.01,8.76965909090909,Hyderabad,Available,7.64166339273196,0.465,358.85445000000004,1.054799910785101,2480.333700871719,120.0,Overloaded ‚ö†Ô∏è,VEH0003,12589.396411092986,6.8066586000000004,11.071269001333613,VEH0003,Large_Truck,8903.66,6.13,Bangalore,Available,7.496936469272541,0.441,27.857461997332774
ORD000011,2025-09-11,Enterprise,Standard,Books,41.07,Delhi,Bangkok,,EcoDeliver,3.0,4.0,Slightly-Delayed,Perfect,3.0,319.8,Delhi-Bangkok,4720.83,562.82,0.0,0.0,,96.98,95.16,38.5,18.57,26.49,38.01,24.98,338.69,1.0,VEH0028,Small_Van,793.79,8.387814931949823,Mumbai,Available,5.206149288382095,0.25,1180.2075,1.0088723347380946,289.0941461437508,36.41947443829612,Underloaded üö´,VEH0032,43350.137741046834,23.4153168,4.845639560530483,VEH0032,Small_Van,717.2,10.89,Delhi,Maintenance,2.218789634106216,0.248,40.308720878939035
ORD000012,2025-09-24,Enterprise,Standard,Electronics,73.42,Mumbai,Hong Kong,,ReliableExpress,3.0,3.0,On-Time,Perfect,5.0,583.33,Mumbai-Hong Kong,3797.36,454.22,0.0,0.0,,216.69,149.83,70.51,32.56,47.04,68.56,48.47,633.6600000000001,0.0,VEH0016,Large_Truck,7022.64,8.360177887367355,Bangalore,Available,1.1293965186607209,0.642,2437.9051200000004,1.0055481972935536,252.5794049285949,10.0,Underloaded üö´,VEH0027,36338.37320574163,19.5943776,7.569671451638634,VEH0027,Small_Van,724.54,10.45,Bangalore,In_Transit,7.122453686223298,0.258,34.86065709672273
ORD000013,2025-10-06,SMB,Standard,Food & Beverage,566.23,Hyderabad,Bangalore,,QuickShip,3.0,3.0,On-Time,Perfect,4.0,587.57,Hyderabad-Bangalore,164.57,22.21,131.65,102.0,,180.78,167.73,74.93,41.22,53.87,66.15,47.35,632.03,0.0,VEH0049,Medium_Truck,3807.12,7.409725348941917,Kolkata,Available,1.953973009526695,0.433,71.25881,0.8912293574910022,232.93674543132067,10.0,Underloaded üö´,VEH0017,2645.8199356913183,1.4284675999999998,21.52859625655244,VEH0017,Medium_Truck,3355.08,6.22,Hyderabad,Available,7.583364370207276,0.434,6.942807486895116
ORD000014,2025-10-10,SMB,Express,Industrial,1421.72,Delhi,Bangalore,,SpeedyLogistics,2.0,2.0,On-Time,Perfect,5.0,313.96,Delhi-Bangalore,1450.16,171.78,1160.13,45.0,,105.91,86.51,33.06,21.27,22.18,33.6,26.03,328.56000000000006,0.0,VEH0028,Small_Van,793.79,8.44196064733962,Mumbai,Available,5.206149288382095,0.25,362.54,1.0153848907189489,510.75839510684403,64.34427179818894,Optimal ‚úÖ,VEH0039,19081.05263157895,10.296135999999999,12.233657222598268,VEH0039,Refrigerated,2000.41,7.6,Mumbai,In_Transit,5.498472856451268,0.355,25.532685554803464
ORD000015,2025-09-24,Enterprise,Standard,Industrial,396.69,Kolkata,Delhi,Hazmat,EcoDeliver,3.0,3.0,On-Time,Perfect,5.0,435.14,Kolkata-Delhi,1748.33,214.29,1398.67,25.0,Fog,133.59,125.98,47.47,25.17,39.76,35.54,30.88,438.39,0.0,VEH0010,Refrigerated,2319.65,8.15871015913015,Bangalore,Available,2.816258180055057,0.342,597.92886,0.9813159962960286,221.92514334973933,10.0,Underloaded üö´,VEH0012,20258.748551564306,10.944545799999998,13.102442322964707,VEH0012,Small_Van,932.65,8.63,Chennai,In_Transit,2.8741224895090247,0.313,23.795115354070585
ORD000016,2025-09-03,Enterprise,Standard,Healthcare,34.57,Delhi,Mumbai,Fragile,ReliableExpress,3.0,3.0,On-Time,Perfect,5.0,425.42,Delhi-Mumbai,921.79,114.25,737.43,54.0,,134.78,143.76,54.39,26.19,31.96,46.48,41.65,479.2099999999999,0.0,VEH0017,Medium_Truck,3355.08,8.068183807439825,Hyderabad,Available,7.583364370207276,0.434,400.05686,0.9704276382998049,95.21474941518055,10.0,Underloaded üö´,VEH0006,10310.850111856822,5.567611599999999,23.217766611975417,VEH0006,Medium_Truck,2671.22,8.94,Bangalore,Available,6.235393561072094,0.302,3.5644667760491666
ORD000017,2025-09-22,Individual,Standard,Books,849.69,Hyderabad,Singapore,,GlobalTransit,5.0,5.0,On-Time,Perfect,4.0,437.4,Hyderabad-Singapore,2857.35,339.91,0.0,0.0,Light_Rain,140.86,148.11,64.17,41.91,35.77,46.01,30.69,507.52000000000004,0.0,VEH0044,Large_Truck,6301.18,8.406195757700567,Ahmedabad,Available,6.3989178679313525,0.603,1722.9820499999998,1.011083149680963,427.51787759331154,10.0,Underloaded üö´,VEH0033,35275.92592592593,19.029951,18.602617540914427,VEH0033,Medium_Truck,3341.35,8.1,Kolkata,Available,1.994527523501006,0.333,12.794764918171145
ORD000018,2025-09-02,Enterprise,Economy,Electronics,301.46,Mumbai,Chennai,Fragile,EcoDeliver,7.0,8.0,Slightly-Delayed,Perfect,3.0,658.72,Mumbai-Chennai,757.12,90.97,605.7,114.0,,247.18,199.68,88.18,47.05,57.03,74.42,37.76,751.2999999999998,1.0,VEH0034,Refrigerated,2608.08,8.322743761679675,Pune,Available,0.6185989717472156,0.536,405.81632,1.0010456833387504,184.57894665190545,10.0,Underloaded üö´,VEH0029,9922.935779816515,5.3604096,22.61681708531754,VEH0029,Medium_Truck,3872.53,7.63,Bangalore,Maintenance,3.4927648823182604,0.354,4.766365829364923
ORD000019,2025-09-24,Enterprise,Standard,Electronics,296.08,Ahmedabad,Bangalore,Hazmat,GlobalTransit,5.0,6.0,Slightly-Delayed,Wrong_Item,1.0,417.76,Ahmedabad-Bangalore,1571.48,193.39,1257.18,81.0,,160.12,127.01,59.42,29.9,28.81,48.71,26.13,480.09999999999997,1.0,VEH0014,Refrigerated,2859.13,8.12596307978696,Ahmedabad,Available,1.9018583045634625,0.536,842.3132800000001,0.9773772324271484,199.2375184895758,10.0,Underloaded üö´,VEH0020,18021.559633027522,9.743176,11.88104836441853,VEH0020,Small_Van,759.35,8.72,Hyderabad,Available,7.842181302808281,0.31,26.23790327116294
ORD000020,2025-10-14,SMB,Express,Fashion,13.24,Kolkata,Pune,Temperature_Controlled,QuickShip,2.0,2.0,On-Time,Perfect,5.0,311.13,Kolkata-Pune,1123.6,135.75,898.88,6.0,Fog,119.6,92.84,39.11,20.36,24.47,28.94,16.17,341.49,0.0,VEH0023,Large_Truck,5719.71,8.276979742173111,Bangalore,Available,7.635674156341745,0.467,524.7212,0.995541263703701,81.90592597329417,10.0,Underloaded üö´,VEH0024,10803.846153846152,5.842719999999999,17.499869423539533,VEH0024,Small_Van,546.03,10.4,Chennai,Available,4.650342620950306,0.26,15.000261152920935
ORD000021,2025-09-30,Individual,Express,Healthcare,1334.39,Mumbai,Singapore,Fragile,QuickShip,2.0,2.0,On-Time,Perfect,5.0,526.67,Mumbai-Singapore,2601.42,308.26,0.0,0.0,Heavy_Rain,172.33,132.0,78.43,51.77,36.74,57.48,35.44,564.19,0.0,VEH0006,Medium_Truck,2671.22,8.439044962045028,Bangalore,Available,6.235393561072094,0.302,785.62884,1.015034196973989,609.7009753784312,22.824813208138277,Underloaded üö´,VEH0029,34094.62647444299,18.4180536,17.127872794033472,VEH0029,Medium_Truck,3872.53,7.63,Bangalore,Maintenance,3.4927648823182604,0.354,15.744254411933056
ORD000022,2025-10-08,Enterprise,Standard,Home Goods,501.6,Bangalore,Dubai,Fragile,SpeedyLogistics,3.0,3.0,On-Time,Perfect,5.0,363.82,Bangalore-Dubai,3317.45,401.56,0.0,0.0,Heavy_Rain,133.56,120.26,53.6,25.47,32.44,32.98,36.21,434.52,0.0,VEH0021,Large_Truck,5949.08,8.261405518477936,Mumbai,Available,3.4820928391465293,0.47,1559.2015,0.9936680221564614,361.83697399026926,10.0,Underloaded üö´,VEH0011,37358.67117117116,20.170095999999997,16.912377983033615,VEH0011,Medium_Truck,2236.98,8.88,Hyderabad,Available,3.474152614924724,0.304,16.17524403393277
ORD000023,2025-09-02,SMB,Express,Home Goods,5959.53,Ahmedabad,Dubai,,EcoDeliver,1.0,3.0,Slightly-Delayed,Perfect,4.0,577.28,Ahmedabad-Dubai,2187.37,266.32,0.0,0.0,,174.67,179.16,76.76,48.72,32.34,67.85,34.09,613.59,2.0,VEH0009,Refrigerated,2423.87,8.213314809252028,Pune,Available,5.786532575325363,0.359,785.2658299999999,0.9878837521779779,1948.5780640937585,80.39119524123647,Optimal ‚úÖ,VEH0031,32794.152923538226,17.717697,10.316401987471716,VEH0031,Large_Truck,6635.22,6.67,Kolkata,Maintenance,3.755157295315691,0.405,29.36719602505657
ORD000024,2025-09-21,Individual,Standard,Fashion,360.77,Bangalore,Kolkata,,ReliableExpress,5.0,6.0,Slightly-Delayed,Perfect,3.0,612.64,Bangalore-Kolkata,967.74,117.39,774.19,30.0,Light_Rain,221.94,166.8,70.67,47.37,43.41,52.94,35.87,639.0000000000001,1.0,VEH0038,Large_Truck,7607.25,8.243802708918988,Delhi,Available,2.046630538131049,0.642,621.28908,0.9915507856983654,178.12303627573087,10.0,Underloaded üö´,VEH0042,11962.175525339926,6.4645032,12.663926237206296,VEH0042,Small_Van,721.96,8.09,Chennai,Available,3.557246434847418,0.334,24.67214752558741
ORD000025,2025-10-03,Enterprise,Economy,Fashion,943.42,Mumbai,Hyderabad,,QuickShip,10.0,10.0,On-Time,Perfect,5.0,951.95,Mumbai-Hyderabad,1396.41,171.86,1117.13,85.0,Light_Rain,325.39,310.08,137.94,51.6,66.31,79.97,48.39,1019.6800000000002,0.0,VEH0010,Refrigerated,2319.65,8.125276387757477,Bangalore,Available,2.816258180055057,0.342,477.5722200000001,0.9772946382596983,391.9588455094963,16.89732698939479,Underloaded üö´,VEH0039,18373.815789473687,9.914511000000001,15.203037239628468,VEH0039,Refrigerated,2000.41,7.6,Mumbai,In_Transit,5.498472856451268,0.355,19.593925520743063
ORD000026,2025-09-12,Individual,Standard,Fashion,1404.91,Bangalore,Delhi,,SpeedyLogistics,5.0,6.0,Slightly-Delayed,Perfect,3.0,629.91,Bangalore-Delhi,1277.31,149.62,1021.84,20.0,,230.66,195.43,68.13,38.86,32.24,71.43,62.19,698.94,1.0,VEH0001,Refrigerated,1531.01,8.537027135409703,Hyderabad,Available,7.64166339273196,0.465,593.94915,1.0268193287165361,537.5569517941973,35.11126327027239,Underloaded üö´,VEH0050,17008.122503328894,9.1710858,14.314724999220855,VEH0050,Refrigerated,2515.41,7.51,Pune,Available,3.6088704861259417,0.359,21.37055000155829
ORD000027,2025-09-22,SMB,Standard,Books,29.39,Bangalore,Bangkok,,SpeedyLogistics,5.0,5.0,On-Time,Perfect,5.0,361.87,Bangalore-Bangkok,4413.31,527.38,0.0,0.0,,113.46,98.84,51.9,34.86,25.69,29.68,18.81,373.24,0.0,VEH0020,Small_Van,759.35,8.368368159581328,Hyderabad,Available,7.842181302808281,0.31,1368.1261000000002,1.0065333095209559,256.462628451554,33.773968321795486,Underloaded üö´,VEH0032,40526.26262626263,21.8900176,7.120564106835335,VEH0032,Small_Van,717.2,10.89,Delhi,Maintenance,2.218789634106216,0.248,35.75887178632933
ORD000028,2025-10-14,SMB,Standard,Books,20435.93,Kolkata,Dubai,,GlobalTransit,5.0,5.0,On-Time,Perfect,5.0,620.17,Kolkata-Dubai,4872.34,579.77,0.0,0.0,Fog,221.65,179.41,62.91,49.09,31.36,69.15,40.51,654.08,0.0,VEH0003,Large_Truck,8903.66,8.403918795384378,Bangalore,Available,7.496936469272541,0.441,2148.70194,1.0108092804663125,6431.909960366913,72.23894398895413,Optimal ‚úÖ,VEH0049,78207.70465489567,42.1944644,137.88848055049027,VEH0049,Medium_Truck,3807.12,6.23,Kolkata,Available,1.953973009526695,0.433,168.94424027524514
ORD000029,2025-09-25,SMB,Standard,Food & Beverage,211.41,Chennai,Singapore,,ReliableExpress,3.0,3.0,On-Time,Perfect,5.0,267.94,Chennai-Singapore,4030.46,486.94,0.0,0.0,,81.46,82.75,32.12,26.44,20.69,24.39,22.9,290.74999999999994,0.0,VEH0044,Large_Truck,6301.18,8.27711833080051,Ahmedabad,Available,6.3989178679313525,0.603,2430.36738,0.9955579329117399,302.93322620162394,10.0,Underloaded üö´,VEH0022,40588.72104733132,21.925702400000002,0.0,VEH0022,Small_Van,602.67,9.93,Ahmedabad,In_Transit,4.622047013980675,0.272,50.26519093394792
ORD000030,2025-10-19,SMB,Standard,Food & Beverage,847.13,Delhi,Chennai,Fragile,GlobalTransit,5.0,5.0,On-Time,Perfect,5.0,530.24,Delhi-Chennai,124.34,17.3,99.47,24.0,,173.47,180.51,62.96,41.09,27.85,51.46,48.58,585.9200000000001,0.0,VEH0033,Medium_Truck,3341.35,7.18728323699422,Kolkata,Available,1.994527523501006,0.333,41.40522,0.8644743927420865,304.52212500413447,10.0,Underloaded üö´,VEH0008,2021.788617886179,1.0917052,19.14756435281695,VEH0008,Refrigerated,2601.67,6.15,Bangalore,In_Transit,1.4328712343099324,0.439,11.704871294366098
ORD000031,2025-09-27,Enterprise,Economy,Fashion,1054.55,Mumbai,Bangkok,Temperature_Controlled,QuickShip,7.0,8.0,Slightly-Delayed,Perfect,3.0,871.77,Mumbai-Bangkok,2207.09,259.91,0.0,0.0,Heavy_Rain,331.77,237.5,97.03,79.21,84.14,73.07,63.21,965.9300000000001,1.0,VEH0047,Large_Truck,5383.18,8.491747143241891,Kolkata,Available,7.353413329049445,0.408,900.49272,1.0213731270792947,464.685367755412,10.0,Underloaded üö´,VEH0010,27937.848101265827,15.096495600000003,14.983718066186452,VEH0010,Refrigerated,2319.65,7.9,Bangalore,Available,2.816258180055057,0.342,20.032563867627097
ORD000032,2025-10-12,Individual,Standard,Healthcare,118.85,Chennai,Dubai,,ReliableExpress,3.0,5.0,Slightly-Delayed,Perfect,3.0,416.08,Chennai-Dubai,4465.78,538.99,0.0,0.0,Heavy_Rain,138.86,140.25,43.35,25.2,36.46,34.14,31.05,449.31,2.0,VEH0010,Refrigerated,2319.65,8.285459841555502,Bangalore,Available,2.816258180055057,0.342,1527.29676,0.9965612358576091,345.9895636901787,14.915593459796897,Underloaded üö´,VEH0022,44972.60825780463,24.2938432,0.0,VEH0022,Small_Van,602.67,9.93,Ahmedabad,In_Transit,4.622047013980675,0.272,57.40945520602963
ORD000033,2025-09-28,SMB,Economy,Electronics,6441.2,Delhi,Chennai,,SpeedyLogistics,5.0,5.0,On-Time,Perfect,5.0,505.95,Delhi-Chennai,1290.06,150.85,1032.05,22.0,,174.15,143.41,60.58,38.7,29.38,52.05,45.67,543.9399999999999,0.0,VEH0050,Refrigerated,2515.41,8.551939012263839,Pune,Available,3.6088704861259417,0.359,463.13154,1.0286129042948258,2046.5930555052412,81.36220558498381,Optimal ‚úÖ,VEH0017,20740.514469453377,11.197720799999999,0.0,VEH0017,Medium_Truck,3355.08,6.22,Hyderabad,Available,7.583364370207276,0.434,60.99982878218228
ORD000034,2025-09-16,Enterprise,Economy,Books,601.2,Mumbai,Dubai,Temperature_Controlled,ReliableExpress,7.0,8.0,Slightly-Delayed,Perfect,3.0,791.94,Mumbai-Dubai,2232.95,267.03,0.0,0.0,,297.78,210.17,85.1,50.22,53.89,76.29,66.51,839.9599999999999,1.0,VEH0028,Small_Van,793.79,8.362169044676628,Mumbai,Available,5.206149288382095,0.25,558.2375,1.0057876903605483,320.853281420882,40.42042371671123,Underloaded üö´,VEH0037,26709.92822966507,14.424857,18.74947340225274,VEH0037,Medium_Truck,2566.61,8.36,Bangalore,In_Transit,6.071611202509542,0.323,12.501053195494524
ORD000035,2025-09-15,Enterprise,Express,Healthcare,292.89,Pune,Delhi,,SpeedyLogistics,2.0,3.0,Slightly-Delayed,Perfect,3.0,602.9,Pune-Delhi,212.22,23.95,169.77,2.0,,184.29,152.82,72.1,51.16,35.98,63.7,37.98,598.0300000000001,1.0,VEH0009,Refrigerated,2423.87,8.860960334029228,Pune,Available,5.786532575325363,0.359,76.18697999999999,1.0657814714249576,164.92889824206378,10.0,Underloaded üö´,VEH0036,3098.102189781022,1.6722936000000002,23.474504941570885,VEH0036,Large_Truck,5405.75,6.85,Delhi,In_Transit,3.3746317973165105,0.394,3.0509901168582303
ORD000036,2025-10-17,SMB,Express,Industrial,496.59,Chennai,Hong Kong,Fragile,EcoDeliver,2.0,3.0,Slightly-Delayed,Perfect,3.0,518.38,Chennai-Hong Kong,3731.12,449.71,0.0,0.0,,201.45,176.03,59.54,31.88,36.58,46.46,43.35,595.2900000000001,1.0,VEH0048,Express_Bike,23.07,8.296724555824865,Delhi,Available,2.2383769271701253,0.107,399.22983999999997,0.9979161368273242,361.1161270005796,120.0,Overloaded ‚ö†Ô∏è,VEH0006,41735.12304250559,22.5359648,18.240614269873323,VEH0006,Medium_Truck,2671.22,8.94,Bangalore,Available,6.235393561072094,0.302,13.518771460253355
ORD000037,2025-10-14,SMB,Express,Books,1269.5,Chennai,Dubai,,QuickShip,1.0,1.0,On-Time,Minor_Damage,4.0,253.27,Chennai-Dubai,2302.82,280.03,0.0,0.0,,96.9,80.36,35.77,17.69,14.64,27.74,17.23,290.33000000000004,0.0,VEH0021,Large_Truck,5949.08,8.223476056136844,Mumbai,Available,3.4820928391465293,0.47,1082.3254,0.9891059299384202,550.1682719000951,10.0,Underloaded üö´,VEH0029,30181.127129750985,16.3039656,17.89652666473733,VEH0029,Medium_Truck,3872.53,7.63,Bangalore,Maintenance,3.4927648823182604,0.354,14.206946670525342
ORD000038,2025-09-03,Enterprise,Express,Books,410.02,Hyderabad,Singapore,,SpeedyLogistics,1.0,6.0,Severely-Delayed,Perfect,1.0,669.84,Hyderabad-Singapore,2338.79,284.08,0.0,0.0,,245.92,185.59,69.7,66.74,38.72,80.07,66.22,752.96,5.0,VEH0044,Large_Truck,6301.18,8.232856941706562,Ahmedabad,Available,6.3989178679313525,0.603,1410.29037,0.9902342471465864,250.75209752240448,10.0,Underloaded üö´,VEH0006,26160.96196868009,14.1262916,20.306412472158705,VEH0006,Medium_Truck,2671.22,8.94,Bangalore,Available,6.235393561072094,0.302,9.38717505568259
ORD000039,2025-10-07,SMB,Express,Food & Beverage,1514.58,Bangalore,Dubai,Hazmat,GlobalTransit,2.0,3.0,Slightly-Delayed,Perfect,3.0,368.69,Bangalore-Dubai,3434.78,408.63,0.0,0.0,Light_Rain,139.87,116.48,47.52,34.4,23.77,36.39,29.85,428.28,1.0,VEH0014,Refrigerated,2859.13,8.405599197317867,Ahmedabad,Available,1.9018583045634625,0.536,1841.0420800000002,1.0110113963970635,649.5492790220314,22.718424101808292,Underloaded üö´,VEH0010,43478.22784810127,23.4938952,10.998980901816408,VEH0010,Refrigerated,2319.65,7.9,Bangalore,Available,2.816258180055057,0.342,28.002038196367184
ORD000040,2025-09-07,Enterprise,Standard,Electronics,32.22,Kolkata,Hyderabad,,GlobalTransit,5.0,5.0,On-Time,Perfect,5.0,637.37,Kolkata-Hyderabad,1233.65,145.15,986.92,33.0,,217.42,186.59,74.26,49.85,58.98,56.13,61.65,704.88,0.0,VEH0047,Large_Truck,5383.18,8.499138821908371,Kolkata,Available,7.353413329049445,0.408,503.3292,1.022262185812038,125.28572471738246,10.0,Underloaded üö´,VEH0006,13799.217002237137,7.451246,22.654896925049556,VEH0006,Medium_Truck,2671.22,8.94,Bangalore,Available,6.235393561072094,0.302,4.690206149900887
ORD000041,2025-09-21,SMB,Express,Electronics,131.37,Bangalore,Bangkok,,ReliableExpress,1.0,2.0,Slightly-Delayed,Perfect,3.0,581.61,Bangalore-Bangkok,4410.45,533.55,0.0,0.0,,214.56,193.28,74.34,51.75,29.55,65.57,30.25,659.3,1.0,VEH0046,Small_Van,654.9,8.266235591790835,Ahmedabad,Available,2.4116168668616176,0.3,1323.135,0.9942489752866478,324.7028315999082,49.58052093447981,Underloaded üö´,VEH0002,42367.43515850144,22.846131,0.0,VEH0002,Small_Van,632.66,10.41,Chennai,In_Transit,1.474560292009559,0.259,51.32343306039709
ORD000042,2025-09-09,Enterprise,Standard,Home Goods,16.31,Mumbai,Bangkok,Fragile,ReliableExpress,4.0,4.0,On-Time,Perfect,4.0,588.56,Mumbai-Bangkok,4718.33,564.41,0.0,0.0,,228.94,205.52,67.51,35.62,51.95,53.04,54.9,697.48,0.0,VEH0026,Large_Truck,6564.54,8.359756205595223,Chennai,Available,1.8056125648357195,0.561,2646.98313,1.0054974781161017,294.2368656237994,10.0,Underloaded üö´,VEH0028,43688.24074074074,23.59165,6.466328271721775,VEH0028,Small_Van,793.79,10.8,Mumbai,Available,5.206149288382095,0.25,37.06734345655645
ORD000043,2025-10-09,SMB,Economy,Home Goods,8066.8,Delhi,Bangalore,,QuickShip,10.0,12.0,Slightly-Delayed,Wrong_Item,1.0,1045.15,Delhi-Bangalore,484.25,59.51,387.4,52.0,,324.29,274.45,155.68,87.47,96.51,97.17,87.61,1123.18,2.0,VEH0017,Medium_Truck,3355.08,8.137287850781382,Hyderabad,Available,7.583364370207276,0.434,210.1645,0.9787393569191895,2491.939534352235,74.27362490170832,Optimal ‚úÖ,VEH0018,8207.627118644068,4.43573,10.09141877646017,VEH0018,Large_Truck,8357.4,5.9,Hyderabad,In_Transit,6.389516086370113,0.458,29.81716244707966
ORD000044,2025-09-18,SMB,Express,Home Goods,7910.83,Bangalore,Singapore,,SpeedyLogistics,1.0,1.0,On-Time,Perfect,5.0,150.84,Bangalore-Singapore,2643.88,316.43,0.0,0.0,Light_Rain,54.22,46.81,20.23,11.88,10.78,13.73,13.34,170.99,0.0,VEH0042,Small_Van,721.96,8.355339253547388,Chennai,Available,3.557246434847418,0.334,883.0559200000001,1.0049662145199114,2549.420926088214,120.0,Overloaded ‚ö†Ô∏è,VEH0031,39638.380809595204,21.415428000000002,5.788723462912955,VEH0031,Large_Truck,6635.22,6.67,Kolkata,Maintenance,3.755157295315691,0.405,38.42255307417409
ORD000045,2025-09-04,Individual,Economy,Home Goods,1032.69,Kolkata,Pune,Hazmat,SpeedyLogistics,5.0,5.0,On-Time,Perfect,4.0,637.03,Kolkata-Pune,419.33,52.52,335.47,31.0,,205.52,203.36,71.14,51.77,55.65,56.54,33.76,677.7399999999999,0.0,VEH0017,Medium_Truck,3355.08,7.984196496572733,Hyderabad,Available,7.583364370207276,0.434,181.98922,0.9603257851842689,351.2030601926515,10.467799879366558,Underloaded üö´,VEH0031,6286.806596701649,3.396573,22.35349347728748,VEH0031,Large_Truck,6635.22,6.67,Kolkata,Maintenance,3.755157295315691,0.405,5.293013045425042
ORD000046,2025-09-25,Enterprise,Standard,Industrial,88.33,Mumbai,Singapore,,SpeedyLogistics,3.0,5.0,Slightly-Delayed,Perfect,3.0,681.84,Mumbai-Singapore,3757.59,452.16,0.0,0.0,,213.48,211.78,97.14,35.63,59.12,63.86,50.41,731.42,2.0,VEH0023,Large_Truck,5719.71,8.31031050955414,Bangalore,Available,7.635674156341745,0.467,1754.7945300000001,0.9995502325923952,249.98161583210583,10.0,Underloaded üö´,VEH0002,36095.96541786744,19.464316200000003,5.243605109213018,VEH0002,Small_Van,632.66,10.41,Chennai,In_Transit,1.474560292009559,0.259,39.512789781573964
ORD000047,2025-09-14,SMB,Express,Industrial,14542.31,Mumbai,Bangkok,Temperature_Controlled,QuickShip,1.0,1.0,On-Time,Perfect,4.0,166.22,Mumbai-Bangkok,4047.85,483.16,0.0,0.0,Light_Rain,65.31,47.07,20.49,8.42,8.99,15.02,8.54,173.84,0.0,VEH0038,Large_Truck,7607.25,8.37786654524381,Delhi,Available,2.046630538131049,0.642,2598.7197,1.0076757594435275,4605.872724580803,60.545830945227294,Optimal ‚úÖ,VEH0047,61145.77039274924,33.030456,0.0,VEH0047,Large_Truck,5383.18,6.62,Kolkata,Available,7.353413329049445,0.408,85.56044428350535
ORD000048,2025-10-20,Enterprise,Standard,Books,162.94,Delhi,Hyderabad,,EcoDeliver,3.0,3.0,On-Time,Perfect,5.0,598.64,Delhi-Hyderabad,1498.31,182.84,1198.65,21.0,,217.39,175.19,76.27,35.16,38.79,63.79,58.83,665.42,0.0,VEH0034,Refrigerated,2608.08,8.194651061036971,Pune,Available,0.6185989717472156,0.536,803.09416,0.985638907794852,194.9399445243783,10.0,Underloaded üö´,VEH0037,17922.368421052633,9.679082600000001,21.202384769708324,VEH0037,Medium_Truck,2566.61,8.36,Bangalore,In_Transit,6.071611202509542,0.323,7.595230460583348
ORD000049,2025-09-09,Individual,Standard,Fashion,293.0,Delhi,Hong Kong,,GlobalTransit,5.0,5.0,On-Time,Major_Damage,3.0,452.68,Delhi-Hong Kong,2359.86,287.35,0.0,0.0,Light_Rain,138.09,153.48,58.33,35.4,33.96,37.47,24.67,481.3999999999999,0.0,VEH0038,Large_Truck,7607.25,8.212493474856446,Delhi,Available,2.046630538131049,0.642,1515.0301200000001,0.9877849634521901,262.7653657913692,10.0,Underloaded üö´,VEH0011,26575.0,14.347948800000001,19.126783301787025,VEH0011,Medium_Truck,2236.98,8.88,Hyderabad,Available,3.474152614924724,0.304,11.74643339642595
ORD000050,2025-09-26,Individual,Economy,Food & Beverage,512.5,Kolkata,Delhi,,SpeedyLogistics,5.0,5.0,On-Time,Wrong_Item,4.0,616.12,Kolkata-Delhi,782.46,90.48,625.97,33.0,,221.86,175.04,89.87,43.33,35.22,66.9,39.84,672.0600000000001,0.0,VEH0009,Refrigerated,2423.87,8.64787798408488,Pune,Available,5.786532575325363,0.359,280.90314,1.0401522831770167,207.61219689274532,10.0,Underloaded üö´,VEH0039,10295.526315789475,5.555466,19.810758872112583,VEH0039,Refrigerated,2000.41,7.6,Mumbai,In_Transit,5.498472856451268,0.355,10.378482255774832
ORD000051,2025-09-02,Enterprise,Economy,Food & Beverage,794.15,Delhi,Pune,,QuickShip,10.0,10.0,On-Time,Perfect,5.0,920.14,Delhi-Pune,1170.25,135.97,936.2,75.0,,324.39,294.25,133.43,82.45,77.12,98.63,89.53,1099.8,0.0,VEH0047,Large_Truck,5383.18,8.606677943664044,Kolkata,Available,7.353413329049445,0.408,477.462,1.0351968113040801,353.2391793878959,10.0,Underloaded üö´,VEH0039,15398.026315789473,8.308774999999999,16.17083049505112,VEH0039,Refrigerated,2000.41,7.6,Mumbai,In_Transit,5.498472856451268,0.355,17.658339009897762
ORD000052,2025-09-20,SMB,Economy,Home Goods,1059.66,Chennai,Hyderabad,Temperature_Controlled,ReliableExpress,7.0,8.0,Slightly-Delayed,Perfect,3.0,765.07,Chennai-Hyderabad,274.67,29.85,219.74,92.0,,252.15,191.35,86.91,46.59,63.57,80.6,60.96,782.1300000000001,1.0,VEH0020,Small_Van,759.35,9.201675041876047,Hyderabad,Available,7.842181302808281,0.31,85.1477,1.1067620659628399,373.9298543916737,49.243412707140806,Underloaded üö´,VEH0017,4415.916398713827,2.3841356,19.427407775795604,VEH0017,Medium_Truck,3355.08,6.22,Hyderabad,Available,7.583364370207276,0.434,11.145184448408791
ORD000053,2025-09-28,Individual,Standard,Books,1125.45,Bangalore,Hyderabad,Temperature_Controlled,ReliableExpress,3.0,3.0,On-Time,Perfect,5.0,286.91,Bangalore-Hyderabad,569.49,70.41,455.59,86.0,,86.54,92.64,33.33,23.89,22.33,26.89,16.28,301.9,0.0,VEH0021,Large_Truck,5949.08,8.088197699190456,Mumbai,Available,3.4820928391465293,0.47,267.6603,0.9728348756865937,402.5710599938808,10.0,Underloaded üö´,VEH0036,8313.722627737227,4.4875812,21.276455071045824,VEH0036,Large_Truck,5405.75,6.85,Delhi,In_Transit,3.3746317973165105,0.394,7.447089857908352
ORD000054,2025-10-17,SMB,Express,Healthcare,324.8,Bangalore,Mumbai,,EcoDeliver,2.0,3.0,Slightly-Delayed,Perfect,3.0,488.53,Bangalore-Mumbai,893.85,105.67,715.08,43.0,Light_Rain,151.17,162.75,71.29,40.3,26.95,46.94,42.23,541.63,1.0,VEH0001,Refrigerated,1531.01,8.45888142329895,Hyderabad,Available,7.64166339273196,0.465,415.64025000000004,1.0174200933177384,204.36602577681737,13.348444868212313,Underloaded üö´,VEH0029,11714.941022280473,6.3284579999999995,22.361337087423244,VEH0029,Medium_Truck,3872.53,7.63,Bangalore,Maintenance,3.4927648823182604,0.354,5.277325825153514
ORD000055,2025-09-07,SMB,Economy,Fashion,1099.0,Hyderabad,Delhi,Fragile,GlobalTransit,7.0,12.0,Severely-Delayed,Perfect,3.0,919.83,Hyderabad-Delhi,637.66,72.54,510.13,64.0,,347.68,240.83,91.98,78.74,62.39,82.95,46.58,951.1500000000001,5.0,VEH0006,Medium_Truck,2671.22,8.790460435621725,Bangalore,Available,6.235393561072094,0.302,192.57332,1.0573018616955807,432.20299044991896,16.179984817795575,Underloaded üö´,VEH0036,9308.905109489051,5.0247608,21.002377186792593,VEH0036,Large_Truck,5405.75,6.85,Delhi,In_Transit,3.3746317973165105,0.394,7.995245626414817
ORD000056,2025-10-14,Enterprise,Economy,Books,303.74,Delhi,Singapore,,SpeedyLogistics,7.0,7.0,On-Time,Perfect,5.0,810.13,Delhi-Singapore,3694.95,447.06,0.0,0.0,,286.81,271.49,119.8,63.42,61.35,67.57,62.74,933.1799999999998,0.0,VEH0033,Medium_Truck,3341.35,8.264997986847403,Kolkata,Available,1.994527523501006,0.333,1230.41835,0.9941001182364037,344.495102382324,10.310057383462492,Underloaded üö´,VEH0006,41330.536912751675,22.317497999999997,18.551727256041733,VEH0006,Medium_Truck,2671.22,8.94,Bangalore,Available,6.235393561072094,0.302,12.896545487916534
ORD000057,2025-09-08,Enterprise,Economy,Fashion,961.94,Kolkata,Bangalore,,EcoDeliver,10.0,10.0,On-Time,Perfect,5.0,761.7,Kolkata-Bangalore,1642.24,201.5,1313.79,82.0,Heavy_Rain,257.45,236.67,90.97,47.24,41.7,70.53,41.77,786.33,0.0,VEH0024,Small_Van,546.03,8.150074441687345,Chennai,Available,4.650342620950306,0.26,426.98240000000004,0.980277306662394,403.90964953554726,73.97206188955685,Optimal ‚úÖ,VEH0029,21523.46002621232,11.6270592,19.784938405441054,VEH0029,Medium_Truck,3872.53,7.63,Bangalore,Maintenance,3.4927648823182604,0.354,10.430123189117896
ORD000058,2025-10-17,Individual,Standard,Fashion,850.6,Delhi,Hong Kong,,ReliableExpress,4.0,4.0,On-Time,Incomplete,3.0,428.43,Delhi-Hong Kong,3131.95,380.48,0.0,0.0,,136.11,149.41,52.36,32.81,40.14,51.34,33.9,496.06999999999994,0.0,VEH0011,Medium_Truck,2236.98,8.23157590412111,Hyderabad,Available,3.474152614924724,0.304,952.1127999999999,0.9900801660908874,455.59325248297574,20.3664428149995,Underloaded üö´,VEH0033,38666.04938271605,20.858787000000003,18.18249730673267,VEH0033,Medium_Truck,3341.35,8.1,Kolkata,Available,1.994527523501006,0.333,13.635005386534656
ORD000059,2025-10-05,Individual,Standard,Fashion,1266.83,Delhi,Chennai,,GlobalTransit,3.0,7.0,Severely-Delayed,Perfect,1.0,749.94,Delhi-Chennai,1267.93,152.09,1014.35,32.0,Heavy_Rain,285.91,212.0,86.46,52.6,62.71,80.46,49.32,829.4600000000002,4.0,VEH0021,Large_Truck,5949.08,8.336708527845355,Mumbai,Available,3.4820928391465293,0.47,595.9271,1.002725342029356,500.0707686280713,10.0,Underloaded üö´,VEH0050,16883.222370173105,9.1037374,15.059855677045267,VEH0050,Refrigerated,2515.41,7.51,Pune,Available,3.6088704861259417,0.359,19.880288645909467
ORD000060,2025-09-14,SMB,Economy,Books,1050.42,Pune,Singapore,,ReliableExpress,5.0,5.0,On-Time,Perfect,5.0,515.07,Pune-Singapore,4532.75,545.69,0.0,0.0,,161.38,161.34,54.81,40.65,43.61,55.64,45.16,562.59,0.0,VEH0007,Large_Truck,7176.62,8.306456046473272,Mumbai,Available,1.7227650269869326,0.478,2166.6545,0.9990866242272719,611.2744025424472,10.0,Underloaded üö´,VEH0037,54219.4976076555,29.281565,13.091794184888878,VEH0037,Medium_Truck,2566.61,8.36,Bangalore,In_Transit,6.071611202509542,0.323,23.816411630222245
ORD000061,2025-09-17,SMB,Standard,Home Goods,207.75,Mumbai,Singapore,Fragile,ReliableExpress,4.0,4.0,On-Time,Perfect,5.0,558.44,Mumbai-Singapore,2762.69,335.28,0.0,0.0,,216.28,167.53,76.23,45.21,33.13,45.25,35.87,619.5,0.0,VEH0007,Large_Truck,7176.62,8.23994869959437,Mumbai,Available,1.7227650269869326,0.478,1320.56582,0.9910872319102841,240.8760152430942,10.0,Underloaded üö´,VEH0046,30696.55555555556,16.576140000000002,6.609710242548921,VEH0046,Small_Van,654.9,9.0,Ahmedabad,Available,2.4116168668616176,0.3,36.78057951490216
ORD000062,2025-10-06,SMB,Economy,Food & Beverage,802.77,Mumbai,Bangalore,,QuickShip,5.0,5.0,On-Time,Perfect,4.0,608.58,Mumbai-Bangalore,573.35,65.1,458.68,67.0,Light_Rain,209.54,189.7,86.72,36.4,34.25,72.14,33.72,662.47,0.0,VEH0050,Refrigerated,2515.41,8.807219662058372,Pune,Available,3.6088704861259417,0.359,205.83265,1.0593176333882943,315.78532046672365,12.55402977911051,Underloaded üö´,VEH0036,8370.07299270073,4.517998,22.07917198846854,VEH0036,Large_Truck,5405.75,6.85,Delhi,In_Transit,3.3746317973165105,0.394,5.841656023062917
ORD000063,2025-10-20,Individual,Economy,Food & Beverage,1075.03,Kolkata,Singapore,,ReliableExpress,7.0,9.0,Slightly-Delayed,Perfect,3.0,905.22,Kolkata-Singapore,2894.16,343.35,0.0,0.0,Light_Rain,314.88,279.31,115.03,49.15,47.84,76.24,71.77,954.22,2.0,VEH0006,Medium_Truck,2671.22,8.429183049366534,Bangalore,Available,6.235393561072094,0.302,874.0363199999999,1.0138480226306523,495.0903005198794,18.534239056306838,Underloaded üö´,VEH0033,35730.37037037037,19.2751056,17.591463023629977,VEH0033,Medium_Truck,3341.35,8.1,Kolkata,Available,1.994527523501006,0.333,14.817073952740042
ORD000064,2025-10-10,Individual,Standard,Home Goods,58.17,Mumbai,Bangkok,,GlobalTransit,4.0,5.0,Slightly-Delayed,Perfect,3.0,589.48,Mumbai-Bangkok,3932.45,467.38,0.0,0.0,,208.93,161.15,77.75,53.64,30.7,58.9,49.79,640.86,1.0,VEH0026,Large_Truck,6564.54,8.413817450468569,Chennai,Available,1.8056125648357195,0.561,2206.1044500000003,1.0119998741246818,240.14936751838658,10.0,Underloaded üö´,VEH0032,36110.65197428833,19.504952,8.257852236587663,VEH0032,Small_Van,717.2,10.89,Delhi,Maintenance,2.218789634106216,0.248,33.484295526824674
ORD000065,2025-09-04,Individual,Economy,Fashion,267.45,Hyderabad,Mumbai,,QuickShip,7.0,7.0,On-Time,Perfect,5.0,650.86,Hyderabad-Mumbai,1726.56,207.19,1381.25,40.0,,211.68,182.75,85.06,61.76,58.9,67.25,56.31,723.71,0.0,VEH0003,Large_Truck,8903.66,8.333220715285487,Bangalore,Available,7.496936469272541,0.441,761.41296,1.0023058337749478,232.81351644788396,10.0,Underloaded üö´,VEH0037,20652.63157894737,11.153577600000002,20.464571624674495,VEH0037,Medium_Truck,2566.61,8.36,Bangalore,In_Transit,6.071611202509542,0.323,9.07085675065101
ORD000066,2025-09-02,Individual,Economy,Healthcare,1004.43,Delhi,Pune,Fragile,QuickShip,7.0,12.0,Severely-Delayed,Perfect,3.0,755.55,Delhi-Pune,288.66,35.98,230.93,98.0,,254.23,237.32,93.17,44.95,64.29,77.26,51.33,822.55,5.0,VEH0049,Medium_Truck,3807.12,8.022790439132853,Kolkata,Available,1.953973009526695,0.433,124.98978000000001,0.9649677999703922,392.8868005714164,10.319790302680673,Underloaded üö´,VEH0017,4640.836012861737,2.5055688000000003,19.14489668545286,VEH0017,Medium_Truck,3355.08,6.22,Hyderabad,Available,7.583364370207276,0.434,11.710206629094282
ORD000067,2025-09-06,SMB,Express,Electronics,5239.28,Pune,Singapore,,ReliableExpress,1.0,1.0,On-Time,Perfect,5.0,196.3,Pune-Singapore,2157.07,261.52,0.0,0.0,,76.78,49.49,22.73,10.37,17.34,21.22,13.07,211.0,0.0,VEH0016,Large_Truck,7022.64,8.248202814316306,Bangalore,Available,1.1293965186607209,0.642,1384.83894,0.9920800230076409,1728.1972975683932,24.60894047777464,Underloaded üö´,VEH0036,31490.07299270073,16.997711600000002,9.015194028873022,VEH0036,Large_Truck,5405.75,6.85,Delhi,In_Transit,3.3746317973165105,0.394,31.969611942253955
ORD000068,2025-10-12,Enterprise,Economy,Books,1390.4,Kolkata,Bangalore,,ReliableExpress,7.0,7.0,On-Time,Perfect,4.0,511.73,Kolkata-Bangalore,1497.71,183.23,1198.16,15.0,,188.09,148.19,70.52,37.21,36.14,60.07,32.01,572.2299999999999,0.0,VEH0021,Large_Truck,5949.08,8.173934399388747,Mumbai,Available,3.4820928391465293,0.47,703.9236999999999,0.9831471424215589,562.0761579578405,10.0,Underloaded üö´,VEH0050,19942.876165113183,10.753557800000001,13.827345085734722,VEH0050,Refrigerated,2515.41,7.51,Pune,Available,3.6088704861259417,0.359,22.345309828530556
ORD000069,2025-09-04,Enterprise,Standard,Electronics,5759.28,Chennai,Singapore,,ReliableExpress,3.0,4.0,Slightly-Delayed,Perfect,3.0,368.74,Chennai-Singapore,4609.29,555.42,0.0,0.0,,115.06,113.74,54.75,25.4,19.58,34.5,27.76,390.78999999999996,1.0,VEH0024,Small_Van,546.03,8.298746894242196,Chennai,Available,4.650342620950306,0.26,1198.4154,0.9981593803057839,2015.4812205009525,120.0,Overloaded ‚ö†Ô∏è,VEH0004,64555.88235294118,34.8462324,0.0,VEH0004,Refrigerated,2545.81,7.14,Bangalore,In_Transit,1.4152287074138648,0.378,79.16856405234297
ORD000070,2025-09-29,Individual,Economy,Home Goods,221.95,Pune,Mumbai,,SpeedyLogistics,10.0,15.0,Severely-Delayed,Perfect,1.0,1105.15,Pune-Mumbai,1453.61,176.97,1162.89,108.0,,349.44,349.02,165.65,80.22,74.86,106.13,61.62,1186.94,5.0,VEH0011,Medium_Truck,2236.98,8.213878058427982,Hyderabad,Available,3.474152614924724,0.304,441.89743999999996,0.9879514988457089,176.36310490789748,10.0,Underloaded üö´,VEH0015,16574.800456100344,8.954237599999999,12.31821088187811,VEH0015,Small_Van,695.34,8.77,Chennai,In_Transit,3.005374742515769,0.308,25.36357823624378
ORD000071,2025-09-18,SMB,Standard,Healthcare,587.15,Delhi,Bangkok,,ReliableExpress,5.0,5.0,On-Time,Perfect,5.0,646.39,Delhi-Bangkok,2409.8,290.69,0.0,0.0,Light_Rain,251.01,188.41,77.16,53.64,46.61,68.47,34.31,719.6099999999999,0.0,VEH0003,Large_Truck,8903.66,8.289930854174552,Bangalore,Available,7.496936469272541,0.441,1062.7218,0.9970990017687813,353.8629121101683,10.0,Underloaded üö´,VEH0033,29750.617283950625,16.049268,19.70479129528232,VEH0033,Medium_Truck,3341.35,8.1,Kolkata,Available,1.994527523501006,0.333,10.590417409435357
ORD000072,2025-09-26,Enterprise,Economy,Books,1351.0,Pune,Bangkok,,ReliableExpress,5.0,9.0,Severely-Delayed,Perfect,1.0,762.0,Pune-Bangkok,2946.88,355.07,0.0,0.0,,290.61,262.17,100.92,74.47,43.87,75.51,61.03,908.5799999999999,4.0,VEH0024,Small_Van,546.03,8.299433914439406,Chennai,Available,4.650342620950306,0.26,766.1888,0.9982420139446988,633.4047313293194,116.00181882484834,Overloaded ‚ö†Ô∏è,VEH0010,37302.278481012654,20.156659200000004,11.346976239318016,VEH0010,Refrigerated,2319.65,7.9,Bangalore,Available,2.816258180055057,0.342,27.30604752136397
ORD000073,2025-10-14,Enterprise,Standard,Home Goods,12.31,Mumbai,Dubai,Fragile,ReliableExpress,3.0,8.0,Severely-Delayed,Perfect,2.0,831.61,Mumbai-Dubai,4139.62,493.75,0.0,0.0,Heavy_Rain,297.86,241.29,97.22,46.85,57.87,71.94,72.12,885.15,5.0,VEH0001,Refrigerated,1531.01,8.384040506329114,Hyderabad,Available,7.64166339273196,0.465,1924.9233000000002,1.0084183531446578,259.957479217801,16.979476242336826,Underloaded üö´,VEH0028,38329.81481481481,20.6981,8.625550887652842,VEH0028,Small_Van,793.79,10.8,Mumbai,Available,5.206149288382095,0.25,32.748898224694315
ORD000074,2025-10-04,SMB,Express,Fashion,3890.16,Bangalore,Bangkok,Temperature_Controlled,ReliableExpress,2.0,2.0,On-Time,Perfect,5.0,596.51,Bangalore-Bangkok,2862.23,342.15,0.0,0.0,,191.41,152.62,76.13,47.58,55.83,61.49,40.13,625.1899999999999,0.0,VEH0011,Medium_Truck,2236.98,8.36542452140874,Hyderabad,Available,3.474152614924724,0.304,870.11792,1.006179253650637,1391.4523731162801,62.20227150516679,Optimal ‚úÖ,VEH0036,41784.379562043796,22.554372400000002,12.129886018440732,VEH0036,Large_Truck,5405.75,6.85,Delhi,In_Transit,3.3746317973165105,0.394,25.740227963118535
ORD000075,2025-09-10,Enterprise,Economy,Food & Beverage,24.75,Delhi,Dubai,,ReliableExpress,10.0,15.0,Severely-Delayed,Perfect,3.0,1178.01,Delhi-Dubai,2334.54,280.3,0.0,0.0,,448.0,358.15,122.47,92.23,112.38,112.92,76.35,1322.5,5.0,VEH0011,Medium_Truck,2236.98,8.328719229397073,Hyderabad,Available,3.474152614924724,0.304,709.70016,1.0017644025899635,121.75709791820512,10.0,Underloaded üö´,,,,,,,,,,,,,
ORD000076,2025-10-06,Enterprise,Express,Electronics,1799.76,Bangalore,Hyderabad,,QuickShip,2.0,2.0,On-Time,Perfect,5.0,477.95,Bangalore-Hyderabad,1520.32,177.58,1216.25,36.0,Heavy_Rain,150.24,126.73,58.14,38.13,25.82,56.2,41.94,497.2,0.0,VEH0010,Refrigerated,2319.65,8.561324473476741,Bangalore,Available,2.816258180055057,0.342,519.94944,1.0297417718536923,682.3820500875045,29.417457378807338,Underloaded üö´,VEH0030,21656.980056980057,11.706464,5.8621768419656455,VEH0030,Refrigerated,1782.81,7.02,Ahmedabad,In_Transit,4.235302947926517,0.385,38.27564631606871
ORD000077,2025-09-14,SMB,Standard,Industrial,1130.31,Mumbai,Hong Kong,,QuickShip,3.0,3.0,On-Time,Perfect,5.0,463.0,Mumbai-Hong Kong,4514.8,543.87,0.0,0.0,Heavy_Rain,166.06,154.11,48.16,34.19,37.74,52.39,41.29,533.94,0.0,VEH0048,Express_Bike,23.07,8.301248460109953,Delhi,Available,2.2383769271701253,0.107,483.0836,0.9984602644595212,616.5739413647634,120.0,Overloaded ‚ö†Ô∏è,VEH0037,54004.78468899522,29.165608000000002,12.988554136297228,VEH0037,Medium_Truck,2566.61,8.36,Bangalore,In_Transit,6.071611202509542,0.323,24.022891727405543
ORD000078,2025-10-01,SMB,Economy,Industrial,12.07,Hyderabad,Chennai,,SpeedyLogistics,7.0,7.0,On-Time,Perfect,5.0,629.54,Hyderabad-Chennai,153.42,20.77,122.73,101.0,,206.3,216.62,66.87,59.02,62.04,54.82,54.21,719.8800000000001,0.0,VEH0010,Refrigerated,2319.65,7.3866153105440535,Bangalore,Available,2.816258180055057,0.342,52.46964,0.8884497207699378,55.31185299068265,10.0,Underloaded üö´,VEH0009,2037.4501992031871,1.1015555999999997,23.85901774866881,VEH0009,Refrigerated,2423.87,7.53,Pune,Available,5.786532575325363,0.359,2.281964502662381
ORD000079,2025-10-18,SMB,Economy,Healthcare,13.02,Hyderabad,Bangkok,,GlobalTransit,7.0,8.0,Slightly-Delayed,Wrong_Item,2.0,533.76,Hyderabad-Bangkok,3785.4,449.35,0.0,0.0,,162.28,155.08,67.15,42.18,51.67,57.05,39.53,574.9399999999999,1.0,VEH0024,Small_Van,546.03,8.424168243017691,Chennai,Available,4.650342620950306,0.26,984.2040000000001,1.0132448501202354,245.01121553071005,44.871383537664606,Underloaded üö´,VEH0027,36223.92344497608,19.532664000000004,8.091946922826203,VEH0027,Small_Van,724.54,10.45,Bangalore,In_Transit,7.122453686223298,0.258,33.816106154347594
ORD000080,2025-09-15,Enterprise,Standard,Fashion,3458.96,Pune,Hyderabad,,QuickShip,3.0,3.0,On-Time,Perfect,5.0,409.75,Pune-Hyderabad,1737.95,208.74,1390.36,101.0,Light_Rain,156.1,141.39,41.43,40.62,22.25,46.13,26.23,474.15000000000003,0.0,VEH0011,Medium_Truck,2236.98,8.3259078279199,Hyderabad,Available,3.474152614924724,0.304,528.3368,1.0014262519279409,1134.8341217079821,50.73063334084266,Optimal ‚úÖ,VEH0036,25371.53284671533,13.695046,14.503453529038689,VEH0036,Large_Truck,5405.75,6.85,Delhi,In_Transit,3.3746317973165105,0.394,20.993092941922622
ORD000081,2025-09-08,Individual,Standard,Electronics,2495.1,Mumbai,Ahmedabad,,ReliableExpress,5.0,7.0,Slightly-Delayed,Perfect,3.0,814.05,Mumbai-Ahmedabad,873.36,102.48,698.69,80.0,,254.98,239.32,107.62,56.21,42.92,84.64,77.43,863.1199999999999,2.0,VEH0047,Large_Truck,5383.18,8.52224824355972,Kolkata,Available,7.353413329049445,0.408,356.33088,1.0250417483518643,837.8045622432497,15.563376335980772,Underloaded üö´,VEH0031,13093.853073463268,7.074216,18.68668588047382,VEH0031,Large_Truck,6635.22,6.67,Kolkata,Maintenance,3.755157295315691,0.405,12.626628239052357
ORD000082,2025-09-14,Enterprise,Standard,Fashion,107.63,Chennai,Hyderabad,,SpeedyLogistics,5.0,6.0,Slightly-Delayed,Perfect,3.0,723.21,Chennai-Hyderabad,1759.22,207.36,1407.38,52.0,,244.68,196.45,88.32,37.91,65.83,81.76,57.42,772.37,1.0,VEH0010,Refrigerated,2319.65,8.483892746913579,Bangalore,Available,2.816258180055057,0.342,601.6532400000001,1.0204284134410002,177.39225143023492,10.0,Underloaded üö´,VEH0006,19678.076062639822,10.6256888,21.679564928567565,VEH0006,Medium_Truck,2671.22,8.94,Bangalore,Available,6.235393561072094,0.302,6.640870142864869
ORD000083,2025-09-23,SMB,Standard,Electronics,107.47,Bangalore,Bangkok,,SpeedyLogistics,5.0,10.0,Severely-Delayed,Perfect,2.0,686.42,Bangalore-Bangkok,3147.74,376.41,0.0,0.0,,230.16,226.5,87.68,62.67,55.99,76.45,54.86,794.31,5.0,VEH0038,Large_Truck,7607.25,8.362530219707233,Delhi,Available,2.046630538131049,0.642,2020.84908,1.005831131888447,269.1858808948303,10.0,Underloaded üö´,VEH0005,33557.99573560767,18.130982399999997,10.453186151980551,VEH0005,Small_Van,925.24,9.38,Delhi,In_Transit,1.9643045221736903,0.288,29.093627696038897
ORD000084,2025-10-10,Individual,Standard,Healthcare,870.36,Delhi,Hong Kong,,ReliableExpress,4.0,4.0,On-Time,Perfect,5.0,486.64,Delhi-Hong Kong,3306.52,395.1,0.0,0.0,,166.15,168.28,61.83,39.06,29.7,51.11,38.24,554.37,0.0,VEH0016,Large_Truck,7022.64,8.368818020754238,Bangalore,Available,1.1293965186607209,0.642,2122.78584,1.0065874180695473,466.06859563452707,10.0,Underloaded üö´,VEH0037,39551.674641148325,21.3601192,15.920541187899076,VEH0037,Medium_Truck,2566.61,8.36,Bangalore,In_Transit,6.071611202509542,0.323,18.158917624201848
ORD000085,2025-09-21,SMB,Standard,Healthcare,395.79,Delhi,Dubai,,SpeedyLogistics,4.0,7.0,Severely-Delayed,Perfect,1.0,776.69,Delhi-Dubai,4217.08,503.28,0.0,0.0,,247.36,198.8,101.14,68.49,59.16,69.18,64.72,808.8500000000001,3.0,VEH0042,Small_Van,721.96,8.379192497218249,Chennai,Available,3.557246434847418,0.334,1408.5047200000001,1.0078352427267252,363.42112794213625,50.33812509586906,Optimal ‚úÖ,VEH0005,44958.208955223876,24.290380799999998,5.360710305318822,VEH0005,Small_Van,925.24,9.38,Delhi,In_Transit,1.9643045221736903,0.288,39.278579389362356
ORD000086,2025-09-16,Individual,Economy,Industrial,1961.75,Delhi,Chennai,,SpeedyLogistics,7.0,10.0,Severely-Delayed,Perfect,1.0,626.95,Delhi-Chennai,1070.1,129.09,856.08,116.0,,193.11,184.44,67.82,37.13,37.69,59.85,32.95,612.9900000000001,3.0,VEH0003,Large_Truck,8903.66,8.289565419474783,Bangalore,Available,7.496936469272541,0.441,471.91409999999996,0.9970550478950084,681.9948591283093,10.0,Underloaded üö´,VEH0036,15621.897810218976,8.432388,18.69194969127032,VEH0036,Large_Truck,5405.75,6.85,Delhi,In_Transit,3.3746317973165105,0.394,12.616100617459358
ORD000087,2025-10-15,SMB,Economy,Fashion,828.3,Chennai,Ahmedabad,,SpeedyLogistics,10.0,10.0,On-Time,Perfect,4.0,754.96,Chennai-Ahmedabad,1756.13,214.21,1404.9,72.0,,256.52,227.37,93.74,52.2,69.42,64.79,56.84,820.88,0.0,VEH0041,Medium_Truck,3070.05,8.198170020073759,Pune,Available,6.685574280102557,0.42,737.5746,0.9860621622953498,404.6045423540414,13.179086410776417,Underloaded üö´,VEH0029,23016.120576671037,12.4334004,19.77596632751662,VEH0029,Medium_Truck,3872.53,7.63,Bangalore,Maintenance,3.4927648823182604,0.354,10.448067344966763
ORD000088,2025-09-18,SMB,Economy,Books,4335.3,Bangalore,Hong Kong,Fragile,SpeedyLogistics,5.0,5.0,On-Time,Perfect,4.0,690.74,Bangalore-Hong Kong,4489.29,539.78,0.0,0.0,,211.51,177.6,88.89,54.09,64.86,70.67,67.69,735.31,0.0,VEH0033,Medium_Truck,3341.35,8.31688836192523,Kolkata,Available,1.994527523501006,0.333,1494.9335700000001,1.0003414056610695,1581.6295221931937,47.33504488285255,Underloaded üö´,VEH0009,59618.725099601594,32.2331022,0.0,VEH0009,Refrigerated,2423.87,7.53,Pune,Available,5.786532575325363,0.359,65.25224216617202
ORD000089,2025-10-17,Enterprise,Express,Industrial,1728.69,Bangalore,Hong Kong,,SpeedyLogistics,1.0,2.0,Slightly-Delayed,Perfect,3.0,361.56,Bangalore-Hong Kong,2621.28,311.08,0.0,0.0,Heavy_Rain,110.23,93.93,36.95,21.43,27.86,38.26,18.9,347.56,1.0,VEH0019,Large_Truck,9951.81,8.426385495692427,Pune,Available,7.852765557066388,0.543,1423.3550400000001,1.0135115375591945,689.0757959246592,10.0,Underloaded üö´,VEH0029,34354.91480996068,18.5586624,16.103028305466204,VEH0029,Medium_Truck,3872.53,7.63,Bangalore,Maintenance,3.4927648823182604,0.354,17.793943389067593
ORD000090,2025-09-24,SMB,Standard,Fashion,1189.35,Mumbai,Bangkok,Hazmat,GlobalTransit,4.0,5.0,Slightly-Delayed,Perfect,3.0,381.05,Mumbai-Bangkok,4130.41,500.02,0.0,0.0,,150.36,127.35,43.76,20.52,22.29,32.42,21.4,418.1,1.0,VEH0050,Refrigerated,2515.41,8.260489580416783,Pune,Available,3.6088704861259417,0.359,1482.81719,0.9935578546601912,623.590848662267,24.790823311597993,Underloaded üö´,VEH0033,50992.71604938272,27.5085306,15.668579336761084,VEH0033,Medium_Truck,3341.35,8.1,Kolkata,Available,1.994527523501006,0.333,18.66284132647783
ORD000091,2025-09-26,Enterprise,Express,Industrial,237.89,Mumbai,Hyderabad,,GlobalTransit,1.0,5.0,Severely-Delayed,Perfect,1.0,567.01,Mumbai-Hyderabad,904.78,104.17,723.83,43.0,,199.51,155.69,66.85,56.4,47.75,66.88,32.39,625.4699999999999,4.0,VEH0017,Medium_Truck,3355.08,8.685610060478064,Hyderabad,Available,7.583364370207276,0.434,392.67452,1.0446906341437634,168.5475509869608,10.0,Underloaded üö´,VEH0042,11183.930778739184,6.043930400000001,13.32708522723137,VEH0042,Small_Van,721.96,8.09,Chennai,Available,3.557246434847418,0.334,23.34582954553726
ORD000092,2025-09-25,Enterprise,Standard,Books,213.15,Mumbai,Ahmedabad,Fragile,EcoDeliver,5.0,5.0,On-Time,Major_Damage,4.0,694.7,Mumbai-Ahmedabad,1728.24,211.82,1382.59,4.0,,234.96,212.21,72.14,34.88,58.02,73.41,49.0,734.62,0.0,VEH0016,Large_Truck,7022.64,8.159002927013502,Bangalore,Available,1.1293965186607209,0.642,1109.53008,0.9813512099268025,219.7298998106578,10.0,Underloaded üö´,VEH0012,20025.955967555037,10.8187824,13.220130820208126,VEH0012,Small_Van,932.65,8.63,Chennai,In_Transit,2.8741224895090247,0.313,23.559738359583747
ORD000093,2025-10-15,Individual,Standard,Food & Beverage,373.29,Ahmedabad,Delhi,,QuickShip,4.0,8.0,Severely-Delayed,Perfect,1.0,736.11,Ahmedabad-Delhi,1206.63,146.24,965.3,31.0,,256.88,214.61,74.49,49.15,43.32,61.79,72.02,772.26,4.0,VEH0020,Small_Van,759.35,8.251025711159738,Hyderabad,Available,7.842181302808281,0.31,374.05530000000005,0.9924195563130682,208.27743812245296,27.42838455553473,Underloaded üö´,VEH0042,14915.080346106304,8.060288400000001,10.575555562465166,VEH0042,Small_Van,721.96,8.09,Chennai,Available,3.557246434847418,0.334,28.84888887506967
ORD000094,2025-10-11,SMB,Economy,Food & Beverage,6383.13,Mumbai,Kolkata,Fragile,ReliableExpress,10.0,11.0,Slightly-Delayed,Perfect,3.0,740.51,Mumbai-Kolkata,721.66,83.85,577.33,107.0,,266.54,239.09,85.73,51.58,45.8,62.11,43.65,794.5,1.0,VEH0023,Large_Truck,5719.71,8.606559332140728,Bangalore,Available,7.635674156341745,0.467,337.01522,1.0351825449086691,1994.4687570680446,34.87010280360446,Underloaded üö´,VEH0003,11772.593800978793,6.365041199999999,13.799725297978334,VEH0003,Large_Truck,8903.66,6.13,Bangalore,Available,7.496936469272541,0.441,22.400549404043332
ORD000095,2025-09-29,Individual,Standard,Food & Beverage,219.33,Mumbai,Bangalore,Fragile,SpeedyLogistics,3.0,3.0,On-Time,Perfect,5.0,403.7,Mumbai-Bangalore,1623.33,198.27,1298.66,44.0,,153.31,128.28,51.41,29.77,38.8,33.47,25.85,460.89,0.0,VEH0017,Medium_Truck,3355.08,8.187471629596004,Hyderabad,Available,7.583364370207276,0.434,704.52522,0.9847753778029882,189.12333693735687,10.0,Underloaded üö´,VEH0015,18510.034207525656,9.9997128,11.400657452659358,VEH0015,Small_Van,695.34,8.77,Chennai,In_Transit,3.005374742515769,0.308,27.198685094681284
ORD000096,2025-09-15,SMB,Express,Food & Beverage,596.33,Delhi,Ahmedabad,,SpeedyLogistics,2.0,2.0,On-Time,Perfect,5.0,380.05,Delhi-Ahmedabad,1768.81,212.53,1415.05,67.0,,127.31,124.75,56.87,23.58,35.62,43.03,23.27,434.42999999999995,0.0,VEH0041,Medium_Truck,3070.05,8.322636804215875,Pune,Available,6.685574280102557,0.42,742.9001999999999,1.0010328186741035,288.06920103735763,10.0,Underloaded üö´,VEH0033,21837.160493827163,11.7802746,20.689329147839082,VEH0033,Medium_Truck,3341.35,8.1,Kolkata,Available,1.994527523501006,0.333,8.621341704321834
ORD000097,2025-10-15,Individual,Express,Home Goods,13.91,Kolkata,Delhi,,ReliableExpress,1.0,2.0,Slightly-Delayed,Perfect,3.0,431.71,Kolkata-Delhi,1246.02,147.12,996.82,48.0,Heavy_Rain,146.75,125.61,64.29,25.49,38.84,40.31,37.36,478.65000000000003,1.0,VEH0021,Large_Truck,5949.08,8.469412724306688,Mumbai,Available,3.4820928391465293,0.47,585.6293999999999,1.0186867805684354,122.39640554129153,10.0,Underloaded üö´,VEH0006,13937.583892617451,7.525960799999999,22.70897931392226,VEH0006,Medium_Truck,2671.22,8.94,Bangalore,Available,6.235393561072094,0.302,4.582041372155477
ORD000098,2025-09-01,SMB,Economy,Electronics,1111.77,Ahmedabad,Bangkok,,SpeedyLogistics,5.0,9.0,Severely-Delayed,Perfect,3.0,853.74,Ahmedabad-Bangkok,3012.02,363.69,0.0,0.0,,291.98,262.81,120.92,77.01,79.67,70.34,72.23,974.9599999999999,4.0,VEH0010,Refrigerated,2319.65,8.281833429569138,Bangalore,Available,2.816258180055057,0.342,1030.11084,0.9961250570962645,539.3531054435978,23.251486450266107,Underloaded üö´,VEH0033,37185.432098765436,20.060053200000002,16.929113899417935,VEH0033,Medium_Truck,3341.35,8.1,Kolkata,Available,1.994527523501006,0.333,16.141772201164134
ORD000099,2025-09-25,SMB,Standard,Home Goods,11917.91,Kolkata,Mumbai,,QuickShip,4.0,5.0,Slightly-Delayed,Perfect,4.0,389.55,Kolkata-Mumbai,203.07,26.27,162.46,25.0,,122.32,113.59,49.64,27.32,29.6,46.69,22.11,411.27000000000004,1.0,VEH0026,Large_Truck,6564.54,7.7301103920822225,Chennai,Available,1.8056125648357195,0.561,113.92227000000001,0.9297647339997192,3635.6287691328494,55.3828412826009,Optimal ‚úÖ,VEH0023,3507.2538860103627,1.8966738,0.0,VEH0023,Large_Truck,5719.71,5.79,Bangalore,Available,7.635674156341745,0.467,63.5631661243813
ORD000100,2025-09-07,SMB,Express,Home Goods,99.44,Chennai,Dubai,,QuickShip,2.0,2.0,On-Time,Perfect,5.0,555.86,Chennai-Dubai,2023.52,244.13,0.0,0.0,,204.3,160.98,59.28,32.2,54.18,64.03,53.0,627.9699999999999,0.0,VEH0017,Medium_Truck,3355.08,8.288698644164993,Hyderabad,Available,7.583364370207276,0.434,878.20768,0.9969507936121498,176.31625733249706,10.0,Underloaded üö´,VEH0005,21572.7078891258,11.655475199999998,15.471863660644965,VEH0005,Small_Van,925.24,9.38,Delhi,In_Transit,1.9643045221736903,0.288,19.05627267871007
ORD000101,2025-09-09,Enterprise,Express,Home Goods,47177.07,Bangalore,Mumbai,,QuickShip,2.0,2.0,On-Time,Perfect,5.0,204.92,Bangalore-Mumbai,328.27,43.97,262.61,26.0,Light_Rain,81.79,55.5,24.13,17.1,15.2,19.82,13.91,227.45,0.0,VEH0001,Refrigerated,1531.01,7.46577211735274,Hyderabad,Available,7.64166339273196,0.465,152.64555,0.8979705689459393,14191.227085158991,120.0,Overloaded ‚ö†Ô∏è,,,,,,,,,,,,,
ORD000102,2025-09-24,Individual,Economy,Food & Beverage,530.26,Mumbai,Singapore,,SpeedyLogistics,5.0,7.0,Slightly-Delayed,Perfect,4.0,598.02,Mumbai-Singapore,3062.8,372.03,0.0,0.0,Fog,214.92,183.93,64.63,44.01,46.45,61.48,36.18,651.6,2.0,VEH0026,Large_Truck,6564.54,8.232669408381046,Chennai,Available,1.8056125648357195,0.561,1718.2308000000003,0.9902116909522152,353.80509354469285,10.0,Underloaded üö´,VEH0011,34490.99099099099,18.621824,17.09190306697662,VEH0011,Medium_Truck,2236.98,8.88,Hyderabad,Available,3.474152614924724,0.304,15.816193866046763
ORD000103,2025-09-01,Enterprise,Express,Books,8.5,Pune,Delhi,,GlobalTransit,1.0,2.0,Slightly-Delayed,Perfect,3.0,210.97,Pune-Delhi,1155.54,142.95,924.44,61.0,,78.95,53.27,24.84,18.78,16.5,19.08,17.88,229.3,1.0,VEH0041,Medium_Truck,3070.05,8.083525708289612,Pune,Available,6.685574280102557,0.42,485.3268,0.9722729364442225,103.4727096694646,10.0,Underloaded üö´,VEH0046,12839.333333333332,6.93324,17.100113783061182,VEH0046,Small_Van,654.9,9.0,Ahmedabad,Available,2.4116168668616176,0.3,15.799772433877632
ORD000104,2025-10-14,Enterprise,Economy,Healthcare,226.26,Kolkata,Singapore,Fragile,QuickShip,5.0,5.0,On-Time,Perfect,5.0,507.19,Kolkata-Singapore,3639.73,436.1,0.0,0.0,,180.93,167.18,69.36,40.83,37.74,43.28,31.99,571.3100000000001,0.0,VEH0019,Large_Truck,9951.81,8.34609034625086,Pune,Available,7.852765557066388,0.543,1976.3733900000002,1.0038537714374487,283.81895461556763,10.0,Underloaded üö´,VEH0035,38638.32271762208,20.8920502,10.14938808809479,VEH0035,Small_Van,955.58,9.42,Delhi,In_Transit,5.050487935380773,0.287,29.70122382381042
ORD000105,2025-09-08,SMB,Economy,Healthcare,2968.04,Chennai,Bangalore,,SpeedyLogistics,10.0,10.0,On-Time,Perfect,5.0,810.33,Chennai-Bangalore,381.77,45.27,305.42,43.0,Heavy_Rain,277.06,251.15,101.85,52.19,40.78,80.91,52.09,856.03,0.0,VEH0014,Refrigerated,2859.13,8.43317870554451,Ahmedabad,Available,1.9018583045634625,0.536,204.62872000000002,1.0143286134650698,956.2747857666797,33.446355561540734,Underloaded üö´,VEH0008,6207.642276422764,3.3519406,6.621904665720869,VEH0008,Refrigerated,2601.67,6.15,Bangalore,In_Transit,1.4328712343099324,0.439,36.75619066855826
ORD000106,2025-09-24,Enterprise,Express,Electronics,8094.79,Kolkata,Pune,Hazmat,ReliableExpress,1.0,4.0,Severely-Delayed,Perfect,1.0,504.67,Kolkata-Pune,1246.39,145.94,997.11,74.0,Light_Rain,188.47,127.38,65.22,48.99,29.63,49.89,27.54,537.12,3.0,VEH0003,Large_Truck,8903.66,8.540427572975196,Bangalore,Available,7.496936469272541,0.441,549.65799,1.0272283276529293,2548.837517136291,28.626851397473523,Underloaded üö´,VEH0003,20332.6264274062,10.9931598,10.686574301263239,VEH0003,Large_Truck,8903.66,6.13,Bangalore,Available,7.496936469272541,0.441,28.626851397473523
ORD000107,2025-09-11,Individual,Express,Food & Beverage,1184.59,Kolkata,Bangalore,,ReliableExpress,1.0,1.0,On-Time,Perfect,5.0,216.25,Kolkata-Bangalore,1551.43,183.59,1241.15,69.0,,78.41,65.97,26.03,16.45,20.51,19.0,11.06,237.42999999999998,0.0,VEH0003,Large_Truck,8903.66,8.45051473391797,Bangalore,Available,7.496936469272541,0.441,684.1806300000001,1.0164137619288964,520.6722180242106,10.0,Underloaded üö´,VEH0039,20413.55263157895,11.015153,11.985862447592979,VEH0039,Refrigerated,2000.41,7.6,Mumbai,In_Transit,5.498472856451268,0.355,26.028275104814043
ORD000108,2025-09-17,Individual,Economy,Food & Beverage,4236.07,Chennai,Ahmedabad,,EcoDeliver,10.0,10.0,On-Time,Perfect,4.0,858.3,Chennai-Ahmedabad,1182.12,141.84,945.69,55.0,Light_Rain,331.45,264.11,124.05,68.53,77.68,83.42,75.1,1024.34,0.0,VEH0044,Large_Truck,6301.18,8.334179357021995,Ahmedabad,Available,6.3989178679313525,0.603,712.8183599999999,1.002421137597783,1383.4185562566367,21.954912512523634,Underloaded üö´,VEH0043,17829.86425339366,9.622456799999998,0.0,VEH0043,Medium_Truck,2056.62,6.63,Mumbai,In_Transit,3.5725329003199446,0.407,67.26661008142665
ORD000109,2025-09-08,Individual,Standard,Food & Beverage,68.95,Ahmedabad,Hong Kong,,SpeedyLogistics,3.0,3.0,On-Time,Perfect,5.0,267.91,Ahmedabad-Hong Kong,4943.43,593.91,0.0,0.0,,104.83,82.31,29.21,17.0,16.06,24.08,17.5,290.99,0.0,VEH0017,Medium_Truck,3355.08,8.323533868767996,Hyderabad,Available,7.583364370207276,0.434,2145.44862,1.0011407160963106,323.0075078144553,10.0,Underloaded üö´,VEH0027,47305.55023923446,25.508098800000003,2.7094771983289156,VEH0027,Small_Van,724.54,10.45,Bangalore,In_Transit,7.122453686223298,0.258,44.58104560334217
ORD000110,2025-10-05,SMB,Standard,Industrial,145.42,Pune,Dubai,,ReliableExpress,5.0,10.0,Severely-Delayed,Perfect,2.0,904.76,Pune-Dubai,3310.99,398.25,0.0,0.0,,321.65,279.39,109.77,73.08,48.93,75.56,53.01,961.3899999999999,5.0,VEH0028,Small_Van,793.79,8.31384808537351,Mumbai,Available,5.206149288382095,0.25,827.7475,0.9999757262883284,257.68658168467664,32.4628153144631,Underloaded üö´,VEH0035,35148.513800424626,19.005082599999998,11.516744716053253,VEH0035,Small_Van,955.58,9.42,Delhi,In_Transit,5.050487935380773,0.287,26.966510567893494
ORD000111,2025-10-05,Enterprise,Economy,Fashion,32.49,Chennai,Delhi,Fragile,QuickShip,10.0,10.0,On-Time,Perfect,5.0,978.66,Chennai-Delhi,1157.98,143.77,926.39,3.0,Light_Rain,344.3,265.61,111.73,68.52,88.66,78.84,80.71,1038.3700000000001,0.0,VEH0016,Large_Truck,7022.64,8.054392432357236,Bangalore,Available,1.1293965186607209,0.642,743.42316,0.9687688347983326,79.27057569401917,10.0,Underloaded üö´,VEH0002,11123.727185398655,5.9983364,18.735136116237854,VEH0002,Small_Van,632.66,10.41,Chennai,In_Transit,1.474560292009559,0.259,12.52972776752429
ORD000112,2025-10-03,Individual,Economy,Industrial,162.78,Chennai,Hyderabad,,GlobalTransit,10.0,10.0,On-Time,Perfect,4.0,735.91,Chennai-Hyderabad,1344.61,159.9,1075.69,16.0,Fog,270.0,242.75,107.91,37.54,42.45,84.96,53.67,839.28,0.0,VEH0006,Medium_Truck,2671.22,8.409068167604753,Bangalore,Available,6.235393561072094,0.302,406.07221999999996,1.0114286383344286,165.53422249101564,10.0,Underloaded üö´,VEH0020,15419.839449541283,8.336582,14.100268486796889,VEH0020,Small_Van,759.35,8.72,Hyderabad,Available,7.842181302808281,0.31,21.799463026406222
ORD000113,2025-09-05,SMB,Economy,Fashion,1265.06,Mumbai,Pune,Fragile,SpeedyLogistics,10.0,15.0,Severely-Delayed,Perfect,1.0,1056.9,Mumbai-Pune,986.48,123.15,789.19,118.0,,376.74,334.3,141.58,102.08,105.53,115.0,68.02,1243.25,5.0,VEH0026,Large_Truck,6564.54,8.010393828664231,Chennai,Available,1.8056125648357195,0.561,553.41528,0.9634767564211743,480.0466041988205,10.0,Underloaded üö´,VEH0040,14317.561683599419,7.734003200000001,13.997428302311679,VEH0040,Refrigerated,2181.52,6.89,Bangalore,In_Transit,6.752323506079688,0.392,22.005143395376642
ORD000114,2025-10-12,Individual,Economy,Food & Beverage,555.01,Chennai,Kolkata,,ReliableExpress,7.0,7.0,On-Time,Perfect,5.0,601.56,Chennai-Kolkata,1552.18,188.99,1241.74,99.0,,233.39,153.35,67.11,57.07,37.78,53.43,34.23,636.36,0.0,VEH0020,Small_Van,759.35,8.21302714429335,Hyderabad,Available,7.842181302808281,0.31,481.17580000000004,0.987849152318439,343.3768422497057,45.21983831562596,Underloaded üö´,VEH0029,20343.119266055048,10.9894344,20.56650507226922,VEH0029,Medium_Truck,3872.53,7.63,Bangalore,Maintenance,3.4927648823182604,0.354,8.866989855461563
ORD000115,2025-10-09,Individual,Standard,Food & Beverage,1482.93,Mumbai,Kolkata,,SpeedyLogistics,3.0,3.0,On-Time,Perfect,5.0,252.68,Mumbai-Kolkata,1189.05,144.35,951.24,58.0,Fog,97.51,75.81,33.79,15.65,22.21,27.9,16.58,289.45,0.0,VEH0038,Large_Truck,7607.25,8.237270523034292,Delhi,Available,2.046630538131049,0.642,763.3701,0.9907651053182066,550.4842807043775,10.0,Underloaded üö´,VEH0030,16938.034188034188,9.155685,9.561330688509221,VEH0030,Refrigerated,1782.81,7.02,Ahmedabad,In_Transit,4.235302947926517,0.385,30.877338622981558
ORD000116,2025-10-11,Individual,Express,Industrial,99.01,Bangalore,Kolkata,,GlobalTransit,2.0,2.0,On-Time,Minor_Damage,4.0,354.35,Bangalore-Kolkata,1398.08,171.32,1118.47,43.0,,120.86,96.02,52.74,29.16,34.28,32.65,31.57,397.28000000000003,0.0,VEH0047,Large_Truck,5383.18,8.160635068876955,Kolkata,Available,7.353413329049445,0.408,570.4166399999999,0.9815475212171403,155.63794684667226,10.0,Underloaded üö´,VEH0011,15744.144144144142,8.500326399999999,21.521248584102846,VEH0011,Medium_Truck,2236.98,8.88,Hyderabad,Available,3.474152614924724,0.304,6.957502831794306
ORD000117,2025-09-28,Enterprise,Economy,Industrial,108.5,Ahmedabad,Delhi,,SpeedyLogistics,5.0,5.0,On-Time,Perfect,4.0,666.69,Ahmedabad-Delhi,115.37,12.41,92.29,27.0,,251.07,212.78,98.86,46.45,37.69,71.25,57.65,775.7500000000001,0.0,VEH0048,Express_Bike,23.07,9.296535052377115,Delhi,Available,2.2383769271701253,0.107,12.34459,1.1181716691841694,87.62426460589514,120.0,Overloaded ‚ö†Ô∏è,VEH0036,1684.2335766423362,0.9091156000000001,24.189527220035192,VEH0036,Large_Truck,5405.75,6.85,Delhi,In_Transit,3.3746317973165105,0.394,1.6209455599296145
ORD000118,2025-09-07,SMB,Standard,Fashion,548.35,Bangalore,Kolkata,,ReliableExpress,4.0,4.0,On-Time,Perfect,5.0,538.4,Bangalore-Kolkata,1178.42,138.63,942.73,103.0,Light_Rain,192.48,145.74,67.42,35.32,38.43,56.97,46.98,583.34,0.0,VEH0047,Large_Truck,5383.18,8.500468873981102,Kolkata,Available,7.353413329049445,0.408,480.79536,1.0224221622481928,250.05243924760936,10.0,Underloaded üö´,VEH0010,14916.708860759494,8.0603928,19.610125681727645,VEH0010,Refrigerated,2319.65,7.9,Bangalore,Available,2.816258180055057,0.342,10.779748636544708
ORD000119,2025-09-09,Individual,Standard,Healthcare,163.37,Bangalore,Bangkok,,ReliableExpress,3.0,7.0,Severely-Delayed,Perfect,1.0,490.5,Bangalore-Bangkok,4186.58,498.34,0.0,0.0,,158.54,142.51,55.65,29.4,43.74,57.08,33.6,520.5199999999999,4.0,VEH0016,Large_Truck,7022.64,8.401051490949953,Bangalore,Available,1.1293965186607209,0.642,2687.78436,1.0104644058902006,331.19645629030043,10.0,Underloaded üö´,VEH0035,44443.52441613588,24.0309692,7.67039618397725,VEH0035,Small_Van,955.58,9.42,Delhi,In_Transit,5.050487935380773,0.287,34.6592076320455
ORD000120,2025-09-08,SMB,Economy,Fashion,2843.45,Delhi,Mumbai,,ReliableExpress,5.0,5.0,On-Time,Perfect,5.0,688.86,Delhi-Mumbai,149.59,17.76,119.67,12.0,,258.41,234.01,98.03,40.74,67.38,65.49,46.13,810.19,0.0,VEH0049,Medium_Truck,3807.12,8.42286036036036,Kolkata,Available,1.953973009526695,0.433,64.77247,1.0130875401842425,925.5531606537355,24.311110778061515,Underloaded üö´,VEH0018,2535.423728813559,1.3702444,19.462672836924547,VEH0018,Large_Truck,8357.4,5.9,Hyderabad,In_Transit,6.389516086370113,0.458,11.074654326150903
ORD000121,2025-09-12,Enterprise,Express,Industrial,157.41,Mumbai,Pune,,GlobalTransit,1.0,1.0,On-Time,Perfect,4.0,362.43,Mumbai-Pune,1632.35,192.42,1305.88,118.0,Heavy_Rain,110.99,108.23,38.22,22.63,23.86,40.72,33.99,378.64,0.0,VEH0034,Refrigerated,2608.08,8.483265772788691,Pune,Available,0.6185989717472156,0.536,874.9396,1.020353002043118,194.66113894086095,10.0,Underloaded üö´,VEH0015,18612.884834663626,10.055276,11.002449237721045,VEH0015,Small_Van,695.34,8.77,Chennai,In_Transit,3.005374742515769,0.308,27.99510152455791
ORD000122,2025-10-04,SMB,Standard,Books,191.89,Kolkata,Mumbai,,SpeedyLogistics,3.0,3.0,On-Time,Perfect,5.0,586.69,Kolkata-Mumbai,1788.53,210.07,1430.83,92.0,,193.75,197.05,83.82,51.77,33.64,63.14,57.06,680.23,0.0,VEH0033,Medium_Truck,3341.35,8.513971533298424,Kolkata,Available,1.994527523501006,0.333,595.58049,1.0240462395008694,178.8057509041052,10.0,Underloaded üö´,VEH0006,20005.92841163311,10.802721199999999,21.653106990361984,VEH0006,Medium_Truck,2671.22,8.94,Bangalore,Available,6.235393561072094,0.302,6.693786019276031
ORD000123,2025-10-03,Individual,Express,Industrial,756.16,Mumbai,Hong Kong,,QuickShip,2.0,2.0,On-Time,Minor_Damage,3.0,432.09,Mumbai-Hong Kong,3906.33,464.67,0.0,0.0,,159.12,122.35,54.02,35.56,32.64,36.64,28.35,468.68,0.0,VEH0024,Small_Van,546.03,8.406675705339273,Chennai,Available,4.650342620950306,0.26,1015.6458,1.011140876979281,500.22038621872196,91.61042181175429,Overloaded ‚ö†Ô∏è,VEH0012,45264.54229432213,24.4536258,0.0,VEH0012,Small_Van,932.65,8.63,Chennai,In_Transit,2.8741224895090247,0.313,53.63430935707092
ORD000124,2025-10-18,SMB,Standard,Books,224.99,Mumbai,Pune,,QuickShip,5.0,5.0,On-Time,Perfect,5.0,573.88,Mumbai-Pune,198.09,23.22,158.48,89.0,,218.21,192.91,61.33,56.02,38.13,61.11,50.27,677.98,0.0,VEH0011,Medium_Truck,2236.98,8.531007751937985,Hyderabad,Available,3.474152614924724,0.304,60.21936,1.0260953273519298,99.36447874415438,10.0,Underloaded üö´,VEH0036,2891.8248175182484,1.5609492,24.0809371618725,VEH0036,Large_Truck,5405.75,6.85,Delhi,In_Transit,3.3746317973165105,0.394,1.838125676254995
ORD000125,2025-09-23,SMB,Express,Electronics,63.28,Delhi,Mumbai,,SpeedyLogistics,2.0,3.0,Slightly-Delayed,Perfect,3.0,292.1,Delhi-Mumbai,1438.83,170.17,1151.07,83.0,,111.35,100.65,33.78,27.14,16.53,31.61,25.44,346.50000000000006,1.0,VEH0038,Large_Truck,7607.25,8.45525063172122,Delhi,Available,2.046630538131049,0.642,923.7288599999999,1.016983387786478,152.6626418760054,10.0,Underloaded üö´,VEH0006,16094.295302013425,8.6905332,22.14245472338472,VEH0006,Medium_Truck,2671.22,8.94,Bangalore,Available,6.235393561072094,0.302,5.715090553230562
ORD000126,2025-09-24,Enterprise,Express,Industrial,77.55,Kolkata,Pune,,ReliableExpress,1.0,2.0,Slightly-Delayed,Perfect,3.0,266.94,Kolkata-Pune,806.53,100.26,645.22,0.0,,98.17,73.47,38.35,15.6,14.06,29.02,19.69,288.35999999999996,1.0,VEH0001,Refrigerated,1531.01,8.044384600039896,Hyderabad,Available,7.64166339273196,0.465,375.03645,0.9675651094851758,157.40061251619957,10.280835038059815,Underloaded üö´,VEH0010,10209.240506329112,5.5166652,21.607233580147877,VEH0010,Refrigerated,2319.65,7.9,Bangalore,Available,2.816258180055057,0.342,6.785532839704247
ORD000127,2025-10-07,SMB,Express,Electronics,903.84,Kolkata,Hong Kong,,EcoDeliver,2.0,2.0,On-Time,Perfect,5.0,588.81,Kolkata-Hong Kong,4754.72,566.58,0.0,0.0,,226.64,169.78,63.84,54.07,45.6,51.56,50.65,662.14,0.0,VEH0038,Large_Truck,7607.25,8.391965830068129,Delhi,Available,2.046630538131049,0.642,3052.53024,1.0093715978131446,539.0772734973863,10.0,Underloaded üö´,VEH0011,53544.14414414414,28.9086976,12.950780214901647,VEH0011,Medium_Truck,2236.98,8.88,Hyderabad,Available,3.474152614924724,0.304,24.098439570196707
ORD000128,2025-10-05,Individual,Standard,Healthcare,52.56,Mumbai,Singapore,,ReliableExpress,3.0,4.0,Slightly-Delayed,Perfect,3.0,391.39,Mumbai-Singapore,2662.56,314.9,0.0,0.0,,137.42,121.5,48.16,35.79,35.8,42.42,21.63,442.71999999999997,1.0,VEH0033,Medium_Truck,3341.35,8.455255636710067,Kolkata,Available,1.994527523501006,0.333,886.63248,1.0169839897781556,187.57004540794458,10.0,Underloaded üö´,VEH0024,25601.53846153846,13.845312000000002,7.824199640317879,VEH0024,Small_Van,546.03,10.4,Chennai,Available,4.650342620950306,0.26,34.35160071936424
ORD000129,2025-10-14,Enterprise,Economy,Fashion,3280.49,Bangalore,Bangkok,,ReliableExpress,5.0,7.0,Slightly-Delayed,Perfect,3.0,840.98,Bangalore-Bangkok,2525.67,306.75,0.0,0.0,,322.84,266.68,113.41,57.31,79.02,91.68,46.78,977.72,2.0,VEH0021,Large_Truck,5949.08,8.233643031784842,Mumbai,Available,3.4820928391465293,0.47,1187.0649,0.9903287967449053,1162.4235273017528,19.539551112134195,Underloaded üö´,VEH0040,36657.03918722787,19.801252800000004,0.0,VEH0040,Refrigerated,2181.52,6.89,Bangalore,In_Transit,6.752323506079688,0.392,53.28502728839308
ORD000130,2025-10-10,SMB,Standard,Books,143.22,Bangalore,Delhi,,EcoDeliver,5.0,5.0,On-Time,Perfect,5.0,562.77,Bangalore-Delhi,1715.78,206.71,1372.62,10.0,,191.78,190.58,57.61,55.19,47.25,59.23,35.75,637.3900000000001,0.0,VEH0048,Express_Bike,23.07,8.300420879493009,Delhi,Available,2.2383769271701253,0.107,183.58846,0.9983607244486872,168.685486917676,120.0,Overloaded ‚ö†Ô∏è,VEH0006,19192.170022371367,10.3633112,21.84253848582902,VEH0006,Medium_Truck,2671.22,8.94,Bangalore,Available,6.235393561072094,0.302,6.314923028341957
ORD000131,2025-09-22,Individual,Economy,Fashion,1016.71,Chennai,Delhi,Temperature_Controlled,SpeedyLogistics,5.0,5.0,On-Time,Perfect,5.0,404.32,Chennai-Delhi,826.75,97.47,661.4,114.0,,131.36,139.17,46.46,35.89,28.16,34.6,20.43,436.07,0.0,VEH0020,Small_Van,759.35,8.482097055504259,Hyderabad,Available,7.842181302808281,0.31,256.2925,1.020212430685147,365.33723137867736,48.11183662061992,Underloaded üö´,VEH0004,11579.131652661064,6.25023,17.824734929576884,VEH0004,Refrigerated,2545.81,7.14,Bangalore,In_Transit,1.4152287074138648,0.378,14.35053014084623
ORD000132,2025-09-27,Individual,Standard,Electronics,156.71,Chennai,Kolkata,,QuickShip,5.0,6.0,Slightly-Delayed,Perfect,4.0,439.72,Chennai-Kolkata,700.19,87.96,560.15,70.0,Light_Rain,155.85,152.84,52.09,29.84,29.55,44.33,31.67,496.16999999999996,1.0,VEH0041,Medium_Truck,3070.05,7.960322874033653,Pune,Available,6.685574280102557,0.42,294.07980000000003,0.9574543058413099,133.39375949612054,10.0,Underloaded üö´,VEH0010,8863.164556962027,4.7892996000000005,22.12470072001982,VEH0010,Refrigerated,2319.65,7.9,Bangalore,Available,2.816258180055057,0.342,5.750598559960362
ORD000133,2025-10-05,SMB,Standard,Books,102.22,Delhi,Bangkok,,EcoDeliver,5.0,5.0,On-Time,Wrong_Item,4.0,433.55,Delhi-Bangkok,3202.83,386.97,0.0,0.0,Light_Rain,168.21,130.3,54.36,24.68,42.98,39.02,23.27,482.82,0.0,VEH0020,Small_Van,759.35,8.276688115357778,Hyderabad,Available,7.842181302808281,0.31,992.8773,0.9955061873186777,219.5614257254779,28.914390692760637,Underloaded üö´,VEH0024,30796.44230769231,16.654716,4.894747017061523,VEH0024,Small_Van,546.03,10.4,Chennai,Available,4.650342620950306,0.26,40.210505965876955
ORD000134,2025-09-01,Individual,Economy,Fashion,583.56,Bangalore,Chennai,,SpeedyLogistics,5.0,6.0,Slightly-Delayed,Perfect,3.0,770.25,Bangalore-Chennai,1611.11,193.78,1288.89,108.0,,282.15,238.42,93.01,54.77,68.75,67.65,70.1,874.8499999999999,1.0,VEH0021,Large_Truck,5949.08,8.314119104138713,Mumbai,Available,3.4820928391465293,0.47,757.2216999999999,1.00000832397159,315.0953486127036,10.0,Underloaded üö´,VEH0010,20393.797468354427,11.019992400000001,18.208127333591197,VEH0010,Refrigerated,2319.65,7.9,Bangalore,Available,2.816258180055057,0.342,13.583745332817607
ORD000135,2025-10-05,SMB,Standard,Industrial,1954.08,Bangalore,Kolkata,,ReliableExpress,3.0,6.0,Severely-Delayed,Perfect,1.0,565.66,Bangalore-Kolkata,416.43,48.29,333.14,102.0,,206.4,165.11,69.52,35.54,49.56,56.86,37.36,620.35,3.0,VEH0046,Small_Van,654.9,8.62352453924208,Ahmedabad,Available,2.4116168668616176,0.3,124.929,1.0372230916108216,638.6570153153239,97.51977634987385,Overloaded ‚ö†Ô∏è,VEH0008,6771.219512195121,3.6562554,12.72601799391691,VEH0008,Refrigerated,2601.67,6.15,Bangalore,In_Transit,1.4328712343099324,0.439,24.54796401216618
ORD000136,2025-10-07,Enterprise,Economy,Food & Beverage,278.37,Hyderabad,Ahmedabad,,QuickShip,5.0,10.0,Severely-Delayed,Perfect,1.0,758.17,Hyderabad-Ahmedabad,1181.27,140.4,945.02,14.0,Heavy_Rain,272.64,265.04,92.32,72.81,50.99,62.31,45.65,861.7599999999999,5.0,VEH0041,Medium_Truck,3070.05,8.413603988603988,Pune,Available,6.685574280102557,0.42,496.1334,1.011974199289049,223.5731881003508,10.0,Underloaded üö´,VEH0042,14601.60692212608,7.890883600000001,9.516234410469362,VEH0042,Small_Van,721.96,8.09,Chennai,Available,3.557246434847418,0.334,30.967531179061275
ORD000137,2025-10-17,Individual,Express,Electronics,365.69,Bangalore,Bangkok,,QuickShip,2.0,2.0,On-Time,Perfect,5.0,325.28,Bangalore-Bangkok,3380.01,401.55,0.0,0.0,Light_Rain,111.2,88.46,32.53,31.15,29.99,35.68,18.99,348.0,0.0,VEH0007,Large_Truck,7176.62,8.41740754576018,Mumbai,Available,1.7227650269869326,0.478,1615.64478,1.0124316847747932,313.0424341532752,10.0,Underloaded üö´,VEH0006,37807.71812080537,20.4152604,19.140459524987172,VEH0006,Medium_Truck,2671.22,8.94,Bangalore,Available,6.235393561072094,0.302,11.719080950025653
ORD000138,2025-09-14,Individual,Economy,Fashion,1354.42,Delhi,Mumbai,Temperature_Controlled,ReliableExpress,10.0,13.0,Severely-Delayed,Incomplete,3.0,808.82,Delhi-Mumbai,180.99,23.99,144.79,92.0,Light_Rain,252.38,207.67,110.16,78.0,57.85,68.56,61.16,835.7799999999999,3.0,VEH0007,Large_Truck,7176.62,7.544393497290539,Mumbai,Available,1.7227650269869326,0.478,86.51322,0.9074270168744749,458.9342696758865,10.0,Underloaded üö´,VEH0003,2952.5285481239807,1.5963318000000002,22.42277743267439,VEH0003,Large_Truck,8903.66,6.13,Bangalore,Available,7.496936469272541,0.441,5.154445134651217
ORD000139,2025-09-03,Individual,Express,Electronics,1423.38,Delhi,Pune,,EcoDeliver,1.0,4.0,Severely-Delayed,Perfect,1.0,495.14,Delhi-Pune,1212.91,142.06,970.32,56.0,,165.81,142.34,64.9,42.55,27.5,40.32,49.37,532.79,3.0,VEH0001,Refrigerated,1531.01,8.538012107560187,Hyderabad,Available,7.64166339273196,0.465,564.0031500000001,1.0269377995174744,553.9298443473934,36.18068101105763,Underloaded üö´,VEH0030,17277.92022792023,9.339407000000001,9.464697742681679,VEH0030,Refrigerated,1782.81,7.02,Ahmedabad,In_Transit,4.235302947926517,0.385,31.070604514636642
ORD000140,2025-09-01,Individual,Economy,Home Goods,380.8,Bangalore,Chennai,,ReliableExpress,10.0,10.0,On-Time,Perfect,4.0,652.02,Bangalore-Chennai,177.19,19.16,141.75,108.0,,210.78,166.51,71.39,33.87,45.37,73.09,43.73,644.74,0.0,VEH0049,Medium_Truck,3807.12,9.247912317327765,Kolkata,Available,1.953973009526695,0.433,76.72327,1.1123234080305122,148.4822136713209,10.0,Underloaded üö´,VEH0031,2656.521739130435,1.435239,23.88110557245034,VEH0031,Large_Truck,6635.22,6.67,Kolkata,Maintenance,3.755157295315691,0.405,2.237788855099317
ORD000141,2025-09-05,SMB,Standard,Electronics,207.43,Kolkata,Bangkok,,SpeedyLogistics,4.0,6.0,Slightly-Delayed,Perfect,3.0,734.19,Kolkata-Bangkok,2383.6,288.69,0.0,0.0,,252.87,233.15,92.1,68.33,68.5,59.03,65.27,839.25,2.0,VEH0017,Medium_Truck,3355.08,8.256607433579271,Hyderabad,Available,7.583364370207276,0.434,1034.4823999999999,0.9930909165391749,235.9581986920826,10.0,Underloaded üö´,VEH0006,26662.19239373602,14.396944,20.58332524666477,VEH0006,Medium_Truck,2671.22,8.94,Bangalore,Available,6.235393561072094,0.302,8.833349506670459
ORD000142,2025-09-26,SMB,Economy,Books,456.68,Bangalore,Hong Kong,,EcoDeliver,7.0,7.0,On-Time,Perfect,5.0,598.16,Bangalore-Hong Kong,3249.7,390.19,0.0,0.0,,207.01,208.69,74.27,59.42,52.48,53.8,46.01,701.68,0.0,VEH0009,Refrigerated,2423.87,8.328506624977575,Pune,Available,5.786532575325363,0.359,1166.6423,1.0017388308863893,375.63185508564857,15.497194778830902,Underloaded üö´,VEH0011,36595.72072072072,19.758176,16.604040825451087,VEH0011,Medium_Truck,2236.98,8.88,Hyderabad,Available,3.474152614924724,0.304,16.791918349097827
ORD000143,2025-09-14,Individual,Express,Home Goods,302.97,Chennai,Ahmedabad,,SpeedyLogistics,1.0,2.0,Slightly-Delayed,Incomplete,1.0,349.92,Chennai-Ahmedabad,1754.23,207.77,1403.39,37.0,,139.69,117.49,36.7,29.85,23.54,28.09,24.56,399.92,1.0,VEH0038,Large_Truck,7607.25,8.443134234971362,Delhi,Available,2.046630538131049,0.642,1126.21566,1.015526047874139,196.45283530877546,10.0,Underloaded üö´,VEH0011,19754.84234234234,10.665718400000001,20.608972022352113,VEH0011,Medium_Truck,2236.98,8.88,Hyderabad,Available,3.474152614924724,0.304,8.782055955295776
ORD000144,2025-10-09,SMB,Standard,Books,645.14,Kolkata,Hong Kong,,GlobalTransit,3.0,5.0,Slightly-Delayed,Wrong_Item,2.0,539.6,Kolkata-Hong Kong,3312.45,401.32,0.0,0.0,,174.55,179.09,63.06,49.31,27.0,49.81,33.49,576.31,2.0,VEH0049,Medium_Truck,3807.12,8.253887172331307,Kolkata,Available,1.953973009526695,0.433,1434.2908499999999,0.9927637280713086,412.8571771706461,10.844343681592544,Underloaded üö´,VEH0020,37986.8119266055,20.537190000000002,0.0,VEH0020,Small_Van,759.35,8.72,Hyderabad,Available,7.842181302808281,0.31,54.36981328381458
ORD000145,2025-09-27,Individual,Economy,Food & Beverage,67.26,Bangalore,Delhi,,QuickShip,10.0,10.0,On-Time,Perfect,5.0,777.65,Bangalore-Delhi,424.9,49.09,339.92,114.0,,251.46,199.72,85.04,60.48,50.21,75.2,53.54,775.6500000000001,0.0,VEH0050,Refrigerated,2515.41,8.655530657975147,Pune,Available,3.6088704861259417,0.359,152.5391,1.0410727339782442,96.62065588496847,10.0,Underloaded üö´,VEH0029,5568.807339449541,3.0082919999999995,23.75248667040709,VEH0029,Medium_Truck,3872.53,7.63,Bangalore,Maintenance,3.4927648823182604,0.354,2.4950266591858155
ORD000146,2025-09-09,Individual,Standard,Home Goods,611.41,Delhi,Bangalore,Temperature_Controlled,QuickShip,4.0,5.0,Slightly-Delayed,Perfect,3.0,747.94,Delhi-Bangalore,1361.22,166.83,1088.98,86.0,,289.89,254.7,93.23,49.74,41.39,88.36,39.65,856.9599999999999,1.0,VEH0023,Large_Truck,5719.71,8.159323862614638,Bangalore,Available,7.635674156341745,0.467,635.68974,0.981389811523505,317.1204574355462,10.0,Underloaded üö´,VEH0029,17840.366972477066,9.6374376,20.905513224745242,VEH0029,Medium_Truck,3872.53,7.63,Bangalore,Maintenance,3.4927648823182604,0.354,8.188973550509516
ORD000147,2025-09-15,Individual,Standard,Industrial,137.35,Hyderabad,Chennai,,GlobalTransit,5.0,6.0,Slightly-Delayed,Perfect,3.0,618.15,Hyderabad-Chennai,1623.27,197.97,1298.62,111.0,Light_Rain,203.84,172.96,71.72,35.99,55.11,52.48,50.53,642.63,1.0,VEH0050,Refrigerated,2515.41,8.199575693286862,Pune,Available,3.6088704861259417,0.359,582.75393,0.9862312343156421,147.62948578243837,10.0,Underloaded üö´,VEH0046,18036.333333333336,9.73962,13.728852818564791,VEH0046,Small_Van,654.9,9.0,Ahmedabad,Available,2.4116168668616176,0.3,22.542294362870418
ORD000148,2025-09-15,SMB,Standard,Electronics,1570.0,Delhi,Mumbai,,EcoDeliver,3.0,3.0,On-Time,Perfect,5.0,285.28,Delhi-Mumbai,408.74,47.76,326.99,46.0,Light_Rain,89.12,73.33,41.5,16.98,25.98,29.04,15.37,291.32,0.0,VEH0026,Large_Truck,6564.54,8.55820770519263,Chennai,Available,1.8056125648357195,0.561,229.30314,1.0293668921834638,515.0278677383145,10.0,Underloaded üö´,VEH0041,6356.765163297046,3.433416,16.612060589594396,VEH0041,Medium_Truck,3070.05,6.43,Pune,Available,6.685574280102557,0.42,16.775878820811208
ORD000149,2025-09-26,SMB,Standard,Fashion,147.13,Bangalore,Chennai,,ReliableExpress,4.0,4.0,On-Time,Perfect,5.0,542.75,Bangalore-Chennai,1774.26,215.45,1419.41,84.0,,214.68,149.09,77.6,31.72,50.31,43.71,41.03,608.1400000000001,0.0,VEH0017,Medium_Truck,3355.08,8.235135762357856,Hyderabad,Available,7.583364370207276,0.434,770.02884,0.9905083398786713,193.29083131233796,10.0,Underloaded üö´,VEH0011,19980.405405405403,10.7875008,20.679647754733214,VEH0011,Medium_Truck,2236.98,8.88,Hyderabad,Available,3.474152614924724,0.304,8.640704490533574
ORD000150,2025-10-12,Enterprise,Standard,Healthcare,151.01,Ahmedabad,Dubai,,QuickShip,5.0,5.0,On-Time,Perfect,4.0,410.63,Ahmedabad-Dubai,2448.8,292.66,0.0,0.0,,154.78,141.04,59.73,37.36,38.77,36.12,26.37,494.17,0.0,VEH0033,Medium_Truck,3341.35,8.36738877878767,Kolkata,Available,1.994527523501006,0.333,815.4504000000001,1.006415511239054,223.6826934646637,10.0,Underloaded üö´,VEH0046,27208.88888888889,14.6928,7.922377961164777,VEH0046,Small_Van,654.9,9.0,Ahmedabad,Available,2.4116168668616176,0.3,34.155244077670446
